Date,Temperature,Relative Humdity,Wind Speed
2015-01-01,17.91878325,30.95833333,6.3775809
2015-01-02,18.14503288,49.33333333,8.153354179
2015-01-03,17.35044981,73.25,4.736466108
2015-01-04,16.80753313,60.08333333,9.438368667
2015-01-05,16.02628321,39.91666667,18.20129785
2015-01-06,16.73669992,46.91666667,12.71020083
2015-01-07,16.73128315,45.33333333,8.336049733
2015-01-08,16.33544992,38.41666667,7.061214229
2015-01-09,16.42169985,37.5,6.867132088
2015-01-10,15.99003331,35.16666667,9.977144692
2015-01-11,16.23919988,29.04166667,9.598185363
2015-01-12,16.44086646,33.66666667,4.317723522
2015-01-13,15.53920004,43.41666667,9.769237596
2015-01-14,14.74919985,56.375,14.64244885
2015-01-15,15.70044958,61.41666667,8.326770446
2015-01-16,15.90711652,50.5,6.251272338
2015-01-17,16.63128294,42.375,8.899821254
2015-01-18,16.51253321,32.45833333,8.307273796
2015-01-19,17.69669992,32.91666667,5.008080313
2015-01-20,16.94545008,40.125,6.195900196
2015-01-21,16.58378329,47.33333333,12.61647429
2015-01-22,14.73711698,70.625,10.87917304
2015-01-23,16.20919979,72.83333333,6.409115529
2015-01-24,16.27753323,51.79166667,10.22640092
2015-01-25,16.68961646,43.58333333,6.495319574
2015-01-26,17.2612831,43.875,6.645360146
2015-01-27,15.84294998,49.16666667,6.826184292
2015-01-28,13.80878334,41.5,11.02516121
2015-01-29,13.90419982,35.625,10.74609083
2015-01-30,14.27419998,31.41666667,12.37822417
2015-01-31,16.32669975,29.29166667,11.1408304
2015-02-01,18.62544981,32.125,6.648453521
2015-02-02,18.93669973,41.125,15.20982538
2015-02-03,19.58753288,52.04166667,14.37479712
2015-02-04,18.68586629,50.04166667,10.00033974
2015-02-05,17.18336629,39.29166667,11.79618024
2015-02-06,18.03836644,36,6.412716871
2015-02-07,18.37419998,36.625,7.096824588
2015-02-08,18.45461644,39.45833333,9.153597263
2015-02-09,18.58086665,40.41666667,11.49211174
2015-02-10,18.32044998,37.66666667,11.49829525
2015-02-11,18.84961638,29.125,9.83986695
2015-02-12,18.83128298,28.5,9.634677917
2015-02-13,19.34086646,25.25,10.48285687
2015-02-14,23.06086642,25.54166667,6.684485529
2015-02-15,22.92086621,31.45833333,6.866789983
2015-02-16,22.22836642,38.04166667,12.62075398
2015-02-17,22.72878302,45.66666667,9.690153908
2015-02-18,22.78128279,43.33333333,5.209078058
2015-02-19,22.88878329,43.79166667,8.583664792
2015-02-20,24.55419975,41.04166667,11.25454535
2015-02-21,22.99378308,47.33333333,14.64180052
2015-02-22,23.52711642,39.08333333,17.61375482
2015-02-23,25.82711633,35,5.267436183
2015-02-24,26.34336629,38.83333333,9.405493321
2015-02-25,24.6004495,36.33333333,12.77104441
2015-02-26,18.93919979,15.70833333,9.259039554
2015-02-27,19.62419983,21.79166667,6.646889951
2015-02-28,21.95003292,39.20833333,11.0868648
2015-03-01,16.72211654,78.625,24.52101625
2015-03-02,17.13461625,83.95833333,14.57580826
2015-03-03,18.56544967,66.83333333,8.945310546
2015-03-04,19.106283,45.125,10.69113095
2015-03-05,20.01003302,40.33333333,5.30763802
2015-03-06,21.16961629,35.375,8.716416321
2015-03-07,21.75086617,41.95833333,7.195410954
2015-03-08,22.63503288,37.45833333,13.10889486
2015-03-09,17.91836669,42.33333333,15.5280225
2015-03-10,18.61503321,41.83333333,11.37422488
2015-03-11,20.78753317,35.79166667,10.67550443
2015-03-12,23.52044963,31.75,7.947296567
2015-03-13,24.56419963,31.5,7.094097154
2015-03-14,24.13586625,39,10.74925421
2015-03-15,19.50294971,77.54166667,18.92387329
2015-03-16,20.60086627,66.91666667,14.59454435
2015-03-17,21.37919958,52.95833333,15.857427
2015-03-18,21.50419963,47.375,16.48314529
2015-03-19,23.05878308,38.33333333,10.41763365
2015-03-20,25.39503292,30.66666667,8.620433683
2015-03-21,26.32461646,32.625,12.17600065
2015-03-22,26.89378333,33.91666667,14.75952553
2015-03-23,27.98878317,31.25,14.17036123
2015-03-24,28.88878288,26.33333333,7.030911521
2015-03-25,29.88045008,25.375,5.426419379
2015-03-26,30.84836688,25.45833333,8.469005996
2015-03-27,31.79378363,20.75,8.69585945
2015-03-28,30.29170008,17.91666667,6.748645946
2015-03-29,30.05211638,17.45833333,11.23919001
2015-03-30,27.39753292,42.08333333,18.973837
2015-03-31,27.3746165,44.625,11.57198357
2015-04-01,28.06294967,36.91666667,7.665861796
2015-04-02,29.76628338,34.75,9.0617482
2015-04-03,28.25836625,38.66666667,9.770468263
2015-04-04,23.05253304,60.875,14.84342648
2015-04-05,25.10336642,46.70833333,7.681448542
2015-04-06,27.52545,33.16666667,8.723563596
2015-04-07,27.12503308,32.75,9.149160596
2015-04-08,27.22378304,30.95833333,9.986299029
2015-04-09,28.15378354,29.91666667,11.82753465
2015-04-10,29.28211646,24.375,12.24071681
2015-04-11,30.69378325,19.45833333,6.093518
2015-04-12,30.3112835,20.91666667,10.61078564
2015-04-13,28.64211658,33.125,15.45190325
2015-04-14,28.83628321,32.625,6.370535338
2015-04-15,30.74836646,31.625,6.932903038
2015-04-16,31.32086671,32.45833333,8.056060638
2015-04-17,32.39378354,27.16666667,14.86699937
2015-04-18,34.05045004,20.33333333,5.040945088
2015-04-19,35.58836704,16.125,7.312362971
2015-04-20,36.13961729,15.83333333,9.930829763
2015-04-21,34.4167005,18.875,10.32344958
2015-04-22,33.53753342,13.45833333,12.83649382
2015-04-23,33.82711692,11.70833333,8.88964877
2015-04-24,34.78461667,10.20833333,6.433658433
2015-04-25,33.42336692,14.70833333,11.65027644
2015-04-26,31.64170017,32.20833333,15.58426548
2015-04-27,33.37086679,28.41666667,13.46005534
2015-04-28,34.25295033,26.125,16.2124999
2015-04-29,34.93045008,19.16666667,5.961401175
2015-04-30,35.37503346,19.54166667,14.63061873
2015-05-01,34.20753358,22.08333333,16.58456648
2015-05-02,33.86711683,13.08333333,9.233065838
2015-05-03,34.63045,11.5,8.362833871
2015-05-04,34.67795029,9.458333333,8.842966967
2015-05-05,36.30378346,9,8.985444988
2015-05-06,37.7504505,7.75,8.152490404
2015-05-07,37.34628363,8.416666667,14.81443905
2015-05-08,37.16378363,10.625,15.83498946
2015-05-09,37.45420025,13.91666667,11.2561883
2015-05-10,38.42128383,13.45833333,6.364022492
2015-05-11,38.51295138,13.33333333,8.906718471
2015-05-12,37.18586729,17.58333333,11.40771609
2015-05-13,35.87170029,21.375,7.359969146
2015-05-14,35.35128342,23.04166667,6.471364916
2015-05-15,35.32586729,20,12.73829185
2015-05-16,36.05170038,19.45833333,5.598522104
2015-05-17,37.34045133,19.125,6.540935442
2015-05-18,39.13336721,16.29166667,8.973014963
2015-05-19,40.30378396,13.66666667,7.802643665
2015-05-20,38.45086704,10.125,12.70543996
2015-05-21,38.24420042,9,13.79516415
2015-05-22,39.49420054,8.208333333,12.15509637
2015-05-23,39.54336742,8.541666667,11.58743054
2015-05-24,39.69045046,12.5,12.06970764
2015-05-25,39.87378404,11.75,8.003976096
2015-05-26,39.06295071,8.75,10.2261944
2015-05-27,36.80045058,10.16666667,12.13845085
2015-05-28,38.30378363,7.375,10.40200261
2015-05-29,39.24545075,14.625,11.45325954
2015-05-30,39.39461763,14.20833333,9.725698417
2015-05-31,38.84878442,12.25,8.316644567
2015-06-01,37.79295038,12.58333333,9.092397883
2015-06-02,37.28545058,16.875,12.1318274
2015-06-03,35.32795117,21.95833333,9.350165111
2015-06-04,35.846284,23.83333333,8.985107358
2015-06-05,36.35586721,22.375,10.14684619
2015-06-06,36.27295038,21.5,12.16639921
2015-06-07,38.24253404,17.16666667,10.13210116
2015-06-08,39.97503421,14.25,8.761618949
2015-06-09,40.30461763,13.58333333,12.44097894
2015-06-10,39.06753429,21.54166667,19.65760874
2015-06-11,38.72128383,24.66666667,17.77214275
2015-06-12,39.00711746,24,14.42942145
2015-06-13,38.87545096,20.58333333,12.46633097
2015-06-14,37.85420108,23.33333333,8.023844442
2015-06-15,35.89045067,28.20833333,9.354543067
2015-06-16,38.295451,22.95833333,5.056571528
2015-06-17,38.95461746,18.95833333,6.0424707
2015-06-18,39.82045067,16.33333333,6.447980758
2015-06-19,40.64878383,16.58333333,6.147073671
2015-06-20,39.53586763,26.25,13.1195717
2015-06-21,38.66336729,29.375,16.99815469
2015-06-22,37.63628417,33.54166667,13.98819365
2015-06-23,37.83878367,32.33333333,12.23858676
2015-06-24,37.16253454,32.41666667,13.39112788
2015-06-25,30.84419979,59.875,10.21243209
2015-06-26,33.12420067,45.70833333,7.689766418
2015-06-27,37.48253425,25.83333333,11.28676341
2015-06-28,38.05961771,27.16666667,8.389151442
2015-06-29,34.67753358,41.08333333,17.29889961
2015-06-30,34.03295033,43.75,11.35578872
2015-07-01,33.50628346,46.04166667,8.811722454
2015-07-02,35.13503392,40.20833333,10.40341255
2015-07-03,36.78753421,32,13.01451356
2015-07-04,37.19920121,35,14.54175331
2015-07-05,37.00836771,38.66666667,14.13321923
2015-07-06,34.02128413,51.54166667,11.726927
2015-07-07,31.50711658,64.5,12.92136011
2015-07-08,32.89128388,56.45833333,10.17721007
2015-07-09,34.75253413,49.75,7.206518267
2015-07-10,31.70336671,64.41666667,13.06614503
2015-07-11,27.958783,80.75,17.50629025
2015-07-12,26.85211617,85.375,17.24862853
2015-07-13,30.30628363,70.29166667,5.505086863
2015-07-14,34.58753388,49.125,9.807209871
2015-07-15,36.18045058,43.29166667,13.88640502
2015-07-16,35.92378358,44.16666667,14.82258468
2015-07-17,31.34045029,69.25,13.91393803
2015-07-18,30.41628296,72.08333333,7.474306729
2015-07-19,31.05128296,67.91666667,8.622759817
2015-07-20,31.28795004,66.91666667,8.224046513
2015-07-21,31.39295013,66.125,8.597122917
2015-07-22,31.68003371,64.70833333,10.60621406
2015-07-23,31.28128346,65.04166667,12.11641408
2015-07-24,32.21961717,59.58333333,11.23508485
2015-07-25,32.77086721,57.25,10.96026421
2015-07-26,32.44128333,57.91666667,17.48668356
2015-07-27,30.62545008,60.5,19.77738171
2015-07-28,31.13378317,56.5,15.81631677
2015-07-29,31.31128342,55.04166667,13.04115415
2015-07-30,31.39461692,58.125,14.67957217
2015-07-31,30.80336679,61.45833333,13.31989884
2015-08-01,30.43169992,63.66666667,9.932820504
2015-08-02,31.31211671,60.91666667,6.610257733
2015-08-03,33.50670004,50.875,6.67880257
2015-08-04,33.6542005,52.25,6.024102825
2015-08-05,32.47920017,59.625,5.683458458
2015-08-06,32.2850335,63.08333333,7.733101479
2015-08-07,32.06461692,65.45833333,9.486509204
2015-08-08,31.35920029,68.625,7.021460033
2015-08-09,32.60336688,64.66666667,7.195710146
2015-08-10,31.74170004,69.33333333,7.520274171
2015-08-11,30.41420021,76.45833333,9.436066663
2015-08-12,30.21378288,76.70833333,5.881182825
2015-08-13,31.75420029,65.41666667,5.078671803
2015-08-14,30.94086646,67.875,8.234642058
2015-08-15,30.14961642,72.66666667,7.286299817
2015-08-16,29.62919967,76.83333333,5.236162149
2015-08-17,32.08336721,63.95833333,5.128413404
2015-08-18,33.63919996,54.625,11.1473822
2015-08-19,33.56920029,50.75,13.84005725
2015-08-20,32.32086679,53.66666667,14.12986586
2015-08-21,30.70336646,61.70833333,8.317440563
2015-08-22,31.16128333,57.04166667,8.374069242
2015-08-23,32.41045046,53.20833333,5.694104683
2015-08-24,33.29378421,48.83333333,8.670004496
2015-08-25,34.82295054,42,11.21227197
2015-08-26,35.14586721,40.58333333,12.27353156
2015-08-27,35.24503392,39.83333333,9.351727238
2015-08-28,33.74295046,50.04166667,9.690444442
2015-08-29,34.995867,40.5,7.853211496
2015-08-30,35.48628404,36.5,9.73107545
2015-08-31,35.33128429,33.41666667,14.7385829
2015-09-01,34.6954505,30.79166667,15.00146432
2015-09-02,34.29253413,31.54166667,12.48603343
2015-09-03,34.5017005,29.125,11.63381639
2015-09-04,34.73003413,26.91666667,12.85099687
2015-09-05,34.48295021,27.75,15.59429236
2015-09-06,34.01253338,27.66666667,13.25632287
2015-09-07,33.89503367,30.66666667,13.75429682
2015-09-08,34.53295033,29.41666667,13.83472365
2015-09-09,34.46295033,27.41666667,10.97554331
2015-09-10,35.01003383,27.33333333,11.51651283
2015-09-11,35.23336746,26.83333333,8.084943708
2015-09-12,33.89795025,30.375,6.532425145
2015-09-13,33.54878354,41.33333333,8.190164788
2015-09-14,34.33461696,31.83333333,7.551414021
2015-09-15,34.35086683,30.54166667,7.673102967
2015-09-16,33.61378358,35.20833333,7.748221958
2015-09-17,33.92670033,35.58333333,7.342086692
2015-09-18,32.62878375,49.58333333,10.33521304
2015-09-19,32.72545025,51.54166667,8.390499433
2015-09-20,32.70003371,50.91666667,10.61548793
2015-09-21,29.47044958,67.70833333,7.495003604
2015-09-22,29.23294996,68.79166667,11.83256261
2015-09-23,30.27878325,58.29166667,7.228100142
2015-09-24,30.75711667,41.16666667,12.38986718
2015-09-25,31.32336658,31.58333333,12.07747593
2015-09-26,31.72003313,33.79166667,9.331431429
2015-09-27,31.64211675,35.41666667,6.566177079
2015-09-28,31.66628329,31.95833333,9.0581446
2015-09-29,31.19503342,31.125,8.659057363
2015-09-30,30.97170013,29.375,12.58139208
2015-10-01,30.87503329,25.04166667,8.823457438
2015-10-02,31.52295029,22.125,9.793321429
2015-10-03,32.18628392,20.91666667,8.541038767
2015-10-04,32.69295,21.16666667,7.290690821
2015-10-05,32.29253338,23.95833333,7.203247125
2015-10-06,32.19836629,25.41666667,7.234818408
2015-10-07,32.21545008,24.45833333,7.488749071
2015-10-08,32.17419996,27.20833333,8.765207283
2015-10-09,32.49378367,23.16666667,9.888848483
2015-10-10,32.49086667,20.125,8.983281025
2015-10-11,31.77545021,26.375,6.206961129
2015-10-12,31.88169983,31.58333333,9.397085417
2015-10-13,30.82586654,38.70833333,10.7622291
2015-10-14,29.92295021,46.875,10.9549819
2015-10-15,30.44545021,41.16666667,7.029102713
2015-10-16,30.34044992,38.08333333,7.077401433
2015-10-17,30.80961658,34.95833333,5.679645195
2015-10-18,30.85086667,33.375,6.313833421
2015-10-19,30.94086679,31.20833333,7.993437008
2015-10-20,31.77711696,27,7.708545179
2015-10-21,30.30503338,27.29166667,8.444308975
2015-10-22,28.49419983,24.25,7.48614255
2015-10-23,28.66919992,21.54166667,6.153298846
2015-10-24,29.62336646,17.83333333,4.812044157
2015-10-25,27.90378346,23.75,10.7758163
2015-10-26,28.28336671,28.95833333,10.81328777
2015-10-27,27.49503329,26.875,9.550793758
2015-10-28,22.95253296,37,10.34521906
2015-10-29,23.546283,48.33333333,12.4999631
2015-10-30,25.70919942,38.375,8.658224858
2015-10-31,26.24044971,30.29166667,3.383079371
2015-11-01,26.62378296,32.75,4.236485583
2015-11-02,27.31544963,33,4.044648678
2015-11-03,26.56919963,35.16666667,5.652818963
2015-11-04,27.04211617,30.79166667,5.123660333
2015-11-05,26.89711654,30.125,9.903299829
2015-11-06,26.93544967,33.45833333,7.033800492
2015-11-07,26.31044975,34.125,6.408710608
2015-11-08,25.76669946,34.625,7.354685962
2015-11-09,26.37461621,35.70833333,7.078955133
2015-11-10,26.41544967,35.41666667,7.149423213
2015-11-11,25.21919963,26.66666667,12.25342329
2015-11-12,25.23211613,25.41666667,12.89341953
2015-11-13,26.83919963,27.04166667,9.208699983
2015-11-14,26.37294954,30.58333333,11.56136813
2015-11-15,26.30711629,26.79166667,9.193595496
2015-11-16,25.43461625,26.41666667,11.26691555
2015-11-17,23.47003283,22.875,10.20546015
2015-11-18,23.17669967,18.375,5.860150304
2015-11-19,24.24836608,17.125,3.197387469
2015-11-20,24.44044963,17.79166667,4.685197203
2015-11-21,24.22169975,19.79166667,3.992190875
2015-11-22,24.70669946,20.29166667,2.868224943
2015-11-23,24.9954495,20.20833333,3.805061174
2015-11-24,25.3716995,19.08333333,7.700680492
2015-11-25,23.90378279,20.20833333,11.44440708
2015-11-26,22.93294975,24.95833333,6.087671079
2015-11-27,23.58961638,30.16666667,8.320672296
2015-11-28,22.29836625,42.16666667,9.595743158
2015-11-29,23.35461613,37.83333333,6.813514313
2015-11-30,23.7316995,36.08333333,7.412144142
2015-12-01,23.65753296,38.41666667,7.461152554
2015-12-02,23.07586613,32.16666667,9.666643071
2015-12-03,21.48794985,30.16666667,10.98720568
2015-12-04,21.95253279,24.375,8.985832254
2015-12-05,22.06003313,22.16666667,4.74070832
2015-12-06,21.8766995,25.91666667,4.986005421
2015-12-07,21.36294963,32.625,5.938257021
2015-12-08,22.48961621,32.45833333,5.412485158
2015-12-09,20.97503292,34.75,11.23615322
2015-12-10,21.73878317,39.5,12.98126418
2015-12-11,22.49044942,37.20833333,8.031011021
2015-12-12,18.91086646,40,8.089280754
2015-12-13,17.99836646,34.625,8.069952667
2015-12-14,16.68461663,28.16666667,10.64252292
2015-12-15,16.60628304,23.25,10.37451359
2015-12-16,17.2379496,22.41666667,4.154197474
2015-12-17,16.53836629,25.625,7.503900042
2015-12-18,16.08836646,25.79166667,10.05588962
2015-12-19,16.45378331,23.66666667,6.895840928
2015-12-20,16.56711667,22.41666667,5.511481883
2015-12-21,16.11961625,23,4.567677417
2015-12-22,16.63253315,27.16666667,3.673943229
2015-12-23,16.67378319,28.16666667,6.995090792
2015-12-24,14.81878327,28.70833333,13.85723298
2015-12-25,14.4946165,24.54166667,11.62731747
2015-12-26,16.61419983,20.16666667,13.44348252
2015-12-27,19.05711658,20.25,12.82169929
2015-12-28,20.63419971,22.08333333,15.20581267
2015-12-29,20.20878308,26.91666667,15.15489592
2015-12-30,19.71044983,24.83333333,7.153915213
2015-12-31,19.17586638,23.875,6.206974708
2016-01-01,19.74086646,18.25,6.453362242
2016-01-02,18.12169975,21.29166667,8.49023445
2016-01-03,18.6046165,21.20833333,10.61212845
2016-01-04,20.33836633,21.875,4.834837833
2016-01-05,21.5033665,27.83333333,6.648986863
2016-01-06,21.32086617,36.25,8.039054225
2016-01-07,22.440033,39.54166667,9.116246321
2016-01-08,20.86378267,41.625,9.648501371
2016-01-09,17.53711673,34.5,13.00770683
2016-01-10,18.37878313,34.58333333,8.971084721
2016-01-11,19.78336646,36.5,5.127515183
2016-01-12,19.04336646,42.33333333,10.59141677
2016-01-13,18.63378321,44.375,6.157491279
2016-01-14,18.0462831,51.5,5.158438036
2016-01-15,17.88919977,51.25,9.111700829
2016-01-16,16.75336644,44.75,9.55464595
2016-01-17,17.26503317,39.91666667,1.708315973
2016-01-18,16.71711656,38,3.153089116
2016-01-19,16.44961669,42.45833333,5.900525738
2016-01-20,16.22711656,51.33333333,7.088904008
2016-01-21,15.69586673,37.5,8.5452812
2016-01-22,15.63253331,30.25,7.663275875
2016-01-23,15.98836656,29.91666667,5.610838458
2016-01-24,15.64795002,32.08333333,5.244879313
2016-01-25,15.08878311,33.95833333,5.857680825
2016-01-26,17.28961658,30.29166667,5.013990528
2016-01-27,18.43378313,31.875,5.60481429
2016-01-28,19.51128315,33.625,7.618692396
2016-01-29,21.59169954,33.125,6.269592186
2016-01-30,20.85253292,41.125,9.650175083
2016-01-31,19.91461629,42.16666667,12.169049
2016-02-01,17.79711642,31.58333333,12.31050564
2016-02-02,16.82878352,25.875,9.792434071
2016-02-03,16.48378321,26.5,14.05839723
2016-02-04,17.1700332,26.75,11.52565059
2016-02-05,18.9225331,25.16666667,5.529717829
2016-02-06,19.63044965,29.58333333,8.467616013
2016-02-07,17.41544971,59.75,20.00724329
2016-02-08,17.02836652,54.08333333,6.890795663
2016-02-09,19.76003317,44.29166667,6.070200017
2016-02-10,20.58669977,36.45833333,4.180959102
2016-02-11,19.49378325,32.91666667,12.21578296
2016-02-12,19.06128292,30.95833333,8.879519704
2016-02-13,19.48878325,30.45833333,13.35028714
2016-02-14,20.90711642,32.875,7.014502954
2016-02-15,19.32336658,31.125,7.439768496
2016-02-16,19.00753304,31,7.901938013
2016-02-17,21.3858665,30.125,9.821565696
2016-02-18,24.13669975,29.29166667,11.2315669
2016-02-19,27.15461658,33.125,4.277165924
2016-02-20,25.36919958,40.79166667,8.115740958
2016-02-21,21.59794977,45.25,15.86727263
2016-02-22,21.06919975,24.04166667,17.50047038
2016-02-23,21.28836654,20.75,12.10209169
2016-02-24,22.087533,21.70833333,3.972373677
2016-02-25,22.47253325,22.41666667,8.067062363
2016-02-26,23.00878304,27.41666667,6.667972233
2016-02-27,23.30753275,28.95833333,5.109599067
2016-02-28,24.44628288,29.29166667,3.978303953
2016-02-29,24.23711638,31.66666667,6.608630763
2016-03-01,24.41503283,33.04166667,5.810591492
2016-03-02,26.39336633,29.70833333,5.567862771
2016-03-03,27.26878313,25.875,6.144402104
2016-03-04,28.1758665,22.33333333,5.577909267
2016-03-05,26.29045013,28.08333333,7.652012571
2016-03-06,23.84919938,48.625,17.6523874
2016-03-07,24.78253288,41.33333333,10.19892375
2016-03-08,25.0641995,37.04166667,10.48168458
2016-03-09,25.83253267,33.91666667,8.632624046
2016-03-10,26.57044988,29.95833333,7.687933071
2016-03-11,27.11670004,31,6.810357929
2016-03-12,25.8141995,40.16666667,9.165892517
2016-03-13,25.06544967,40.625,11.48893089
2016-03-14,24.53586633,47.29166667,12.26100239
2016-03-15,23.21461638,39.54166667,12.90680973
2016-03-16,23.86294971,32.54166667,13.8034231
2016-03-17,26.20961658,28.58333333,7.973413674
2016-03-18,28.38461688,25.41666667,11.62676314
2016-03-19,27.66003325,27.625,9.777433758
2016-03-20,28.03503321,29.45833333,8.630098388
2016-03-21,25.63378333,27.33333333,17.68560404
2016-03-22,23.55753329,20.33333333,21.86086808
2016-03-23,25.72795017,17.375,14.2941616
2016-03-24,29.61045013,16.83333333,7.157678071
2016-03-25,31.25670038,16.95833333,9.081895396
2016-03-26,28.96378317,23.875,9.695628058
2016-03-27,27.25169996,22.04166667,14.34506975
2016-03-28,27.50419979,22.45833333,10.21957855
2016-03-29,29.01378371,21.125,10.49633189
2016-03-30,30.38086675,18.66666667,10.31995922
2016-03-31,31.7650335,16.66666667,6.585644696
2016-04-01,32.43503358,17.91666667,7.263915075
2016-04-02,33.71003329,18.54166667,6.978905463
2016-04-03,36.59711738,17.625,5.438715174
2016-04-04,34.97670067,18.625,10.03062886
2016-04-05,32.17336692,17.95833333,13.02397525
2016-04-06,31.24586692,16.20833333,7.47024275
2016-04-07,29.99045004,21,10.51120033
2016-04-08,30.08253338,18.375,10.40283982
2016-04-09,31.53045008,15.125,9.284349417
2016-04-10,32.39961675,15.66666667,8.810948338
2016-04-11,31.0333665,18.16666667,16.26661254
2016-04-12,30.06920008,22.79166667,20.20654104
2016-04-13,31.10045029,19.5,18.88465913
2016-04-14,33.41753363,15.04166667,12.23354877
2016-04-15,35.68920021,13,10.51032801
2016-04-16,37.17795063,13.33333333,8.965772908
2016-04-17,36.5221175,16.375,9.0581155
2016-04-18,36.20086708,17.54166667,7.016099708
2016-04-19,35.99211742,14.58333333,7.996348825
2016-04-20,35.31003346,14.95833333,10.05332393
2016-04-21,33.85211704,14.41666667,16.51464267
2016-04-22,34.81503383,14.79166667,11.64754498
2016-04-23,32.04961658,11.16666667,10.78187032
2016-04-24,31.90378317,7.041666667,9.276776528
2016-04-25,32.65795058,9.041666667,8.024509762
2016-04-26,34.17753375,8.458333333,7.144452512
2016-04-27,34.69128375,7.583333333,7.898479279
2016-04-28,34.68878379,9.083333333,11.70195667
2016-04-29,34.75253358,9.208333333,10.93430631
2016-04-30,35.05920008,8,7.919299079
2016-05-01,36.75045029,7.041666667,11.63315056
2016-05-02,37.38878396,7.416666667,8.352923788
2016-05-03,37.05086738,14.33333333,10.52692075
2016-05-04,36.95253354,15.70833333,8.717750829
2016-05-05,34.68128408,18.5,8.975799442
2016-05-06,35.14711729,21.125,7.33460325
2016-05-07,35.12878371,22.70833333,6.248954111
2016-05-08,36.02836708,22.16666667,10.01274382
2016-05-09,36.02711704,25.29166667,12.48133892
2016-05-10,35.95795088,26.79166667,12.00165099
2016-05-11,36.29170033,26.16666667,11.21901807
2016-05-12,37.001284,23.20833333,9.727363717
2016-05-13,38.07211725,17.375,8.027211125
2016-05-14,39.17545054,13.41666667,9.187558263
2016-05-15,39.69128429,11.20833333,6.856433183
2016-05-16,38.87378388,11.66666667,8.703927496
2016-05-17,39.61086721,10.29166667,8.999772757
2016-05-18,39.82503413,9.833333333,7.872065316
2016-05-19,39.95045071,12.70833333,11.08254888
2016-05-20,38.87420075,21.54166667,13.19138897
2016-05-21,38.24211725,27.41666667,16.49778075
2016-05-22,39.26753379,24.91666667,14.44298967
2016-05-23,39.40461725,20.45833333,10.27928663
2016-05-24,35.84295029,34.45833333,18.33622721
2016-05-25,36.64545108,23.20833333,9.114821933
2016-05-26,37.91670058,19.33333333,8.360360213
2016-05-27,38.85086746,18.41666667,15.8013942
2016-05-28,38.83503408,20.33333333,15.6659285
2016-05-29,36.92836679,25.29166667,12.34634505
2016-05-30,35.52211704,31,11.43265351
2016-05-31,36.727117,25.79166667,12.07024802
2016-06-01,38.9371175,20.33333333,11.8734527
2016-06-02,39.85961742,18.20833333,15.05869259
2016-06-03,40.48670075,17.125,10.45786693
2016-06-04,40.9179505,15.95833333,8.158562925
2016-06-05,39.91295125,22.5,10.63176134
2016-06-06,39.58336758,23.66666667,11.63773321
2016-06-07,39.33836729,20.58333333,11.78810814
2016-06-08,39.70170046,17.54166667,12.04263845
2016-06-09,39.38586721,16.79166667,13.37725962
2016-06-10,39.35461767,21.125,12.48452599
2016-06-11,39.93753388,22.08333333,11.26510654
2016-06-12,37.69336767,28.79166667,10.06163047
2016-06-13,38.18003404,26.20833333,11.38450388
2016-06-14,37.64670038,31.45833333,13.93252704
2016-06-15,35.39128425,42.625,11.26285827
2016-06-16,35.24253333,45.75,13.2975961
2016-06-17,36.54961717,40.83333333,11.33622798
2016-06-18,37.57336733,34.08333333,11.39182758
2016-06-19,36.44753408,41.33333333,15.80347804
2016-06-20,36.58503429,41.16666667,14.66312496
2016-06-21,36.48711754,42.91666667,12.2461745
2016-06-22,35.44836725,47.25,10.8971541
2016-06-23,37.79670088,37.58333333,9.531237438
2016-06-24,38.905034,29.625,11.22155983
2016-06-25,38.51961738,32.54166667,12.92965809
2016-06-26,38.14586763,35.20833333,11.78082687
2016-06-27,38.21836683,35.33333333,10.46042745
2016-06-28,37.75753392,38.41666667,12.21329523
2016-06-29,37.75961721,40.83333333,10.60843047
2016-06-30,38.71670046,37.83333333,6.666762012
2016-07-01,38.00795088,40.45833333,13.98556222
2016-07-02,33.58878379,57.16666667,14.05735044
2016-07-03,31.03044988,65.66666667,10.82163941
2016-07-04,32.56628375,58.5,8.500773738
2016-07-05,35.97545071,44.54166667,8.440258558
2016-07-06,35.87878358,46,12.49640499
2016-07-07,35.94211717,46.04166667,11.28922956
2016-07-08,36.23670096,44.20833333,9.728911469
2016-07-09,35.06795054,50,10.42986033
2016-07-10,35.2504505,49.58333333,8.737131563
2016-07-11,34.48586713,52.70833333,13.16762677
2016-07-12,32.91795046,58.75,14.1501244
2016-07-13,34.74503446,50.25,11.58201708
2016-07-14,34.6104505,52.66666667,8.802117179
2016-07-15,33.82503392,57.41666667,11.67739665
2016-07-16,29.30544967,82.45833333,10.34031594
2016-07-17,27.83961617,86.25,8.5602432
2016-07-18,29.29919967,73.875,8.349216658
2016-07-19,33.393367,54.29166667,14.26674293
2016-07-20,35.91045058,41.04166667,15.12420284
2016-07-21,37.34003454,34.33333333,11.95259688
2016-07-22,36.31086729,39.20833333,12.10207648
2016-07-23,33.70170054,55.33333333,11.09971531
2016-07-24,34.32503379,50.20833333,7.030638045
2016-07-25,35.48836671,46.29166667,10.14535556
2016-07-26,32.97045029,60.625,16.20494463
2016-07-27,28.84878288,75.70833333,14.03315188
2016-07-28,27.71128279,83.45833333,12.76569527
2016-07-29,29.15586663,77.41666667,6.821504921
2016-07-30,27.85878296,84.08333333,11.2841298
2016-07-31,28.83836629,77.95833333,8.737136867
2016-08-01,29.75419979,73.83333333,10.49752509
2016-08-02,28.90794942,75.66666667,11.28101943
2016-08-03,31.02169992,64.5,10.79992669
2016-08-04,31.73211683,62.83333333,9.1893404
2016-08-05,32.70420058,58.95833333,8.718312254
2016-08-06,31.75878329,63.16666667,10.27309933
2016-08-07,30.34169988,71.125,12.66224525
2016-08-08,30.21419967,72.20833333,10.76283384
2016-08-09,30.02086629,71.58333333,11.27277285
2016-08-10,28.82503296,76,12.36245392
2016-08-11,28.023366,84.04166667,7.784241383
2016-08-12,28.54503288,82.45833333,6.305055004
2016-08-13,30.28419988,72.375,7.7733595
2016-08-14,30.52169988,71.125,6.086429133
2016-08-15,32.62211717,60.04166667,7.539286891
2016-08-16,34.46128354,44.20833333,12.24308269
2016-08-17,33.23503354,47.875,10.4200317
2016-08-18,31.31545004,64.04166667,7.612925258
2016-08-19,31.83961679,59.83333333,8.349048488
2016-08-20,30.89503329,65.79166667,10.63122949
2016-08-21,31.41003325,62.375,12.04095355
2016-08-22,31.80753338,60.75,10.84419671
2016-08-23,29.526283,72.45833333,8.775359188
2016-08-24,29.72169958,69.33333333,12.65464322
2016-08-25,30.62795004,66.375,7.028752963
2016-08-26,32.41045029,58.54166667,4.997058513
2016-08-27,32.20003325,57.04166667,9.834136471
2016-08-28,32.02878333,57.75,6.222308217
2016-08-29,31.71211683,61.95833333,6.789090654
2016-08-30,28.84128279,77.83333333,6.982870029
2016-08-31,27.72628292,83.70833333,11.15590169
2016-09-01,28.26503304,79.875,8.652847208
2016-09-02,31.50544988,61.08333333,6.600061583
2016-09-03,33.36711717,40.125,13.96298747
2016-09-04,32.88086679,41.95833333,13.97733396
2016-09-05,32.99753354,44.33333333,13.49893922
2016-09-06,33.05003388,43.08333333,15.25425175
2016-09-07,33.90545029,39.875,13.74479491
2016-09-08,34.688784,37.33333333,10.82989631
2016-09-09,34.99170054,35.29166667,13.4328531
2016-09-10,34.43878375,36.29166667,13.7673383
2016-09-11,34.28628325,36.45833333,12.6102474
2016-09-12,33.96420083,36.70833333,10.59789098
2016-09-13,32.27795033,51.375,11.36226453
2016-09-14,32.20795,50.95833333,8.467951292
2016-09-15,32.26586692,52.375,7.106321283
2016-09-16,33.25586713,44.66666667,6.19107835
2016-09-17,33.3383675,40.5,6.700055871
2016-09-18,32.40336696,47.83333333,8.248310579
2016-09-19,33.13253325,46.08333333,6.715898324
2016-09-20,33.84420033,41.33333333,7.958789638
2016-09-21,32.85461729,46.5,14.48289131
2016-09-22,31.0812835,57.125,11.98056821
2016-09-23,31.41420033,51.625,7.760030358
2016-09-24,30.86461658,51.875,8.661390596
2016-09-25,30.94669992,50.29166667,8.542205279
2016-09-26,32.07128358,46.70833333,6.480557104
2016-09-27,32.58586675,43.29166667,7.794194979
2016-09-28,33.01753383,39.58333333,7.123822763
2016-09-29,32.48336713,43.29166667,7.435979792
2016-09-30,32.16045033,49.41666667,6.192758913
2016-10-01,33.05753383,48.41666667,7.650353875
2016-10-02,33.16586717,48.79166667,6.079707563
2016-10-03,34.86045025,40.375,6.789235888
2016-10-04,34.53878396,40.08333333,6.668199171
2016-10-05,34.26045038,36.75,7.926825713
2016-10-06,33.49795033,40.41666667,5.721904067
2016-10-07,32.83878379,41.5,7.68123779
2016-10-08,33.58836704,23.625,7.062153687
2016-10-09,32.29961663,22.70833333,6.618094095
2016-10-10,32.20545021,21.125,5.575511617
2016-10-11,31.95878371,16.91666667,7.031453835
2016-10-12,30.73670008,15.875,9.172217408
2016-10-13,30.23503325,14.5,8.906992713
2016-10-14,30.4392,15.5,7.425454388
2016-10-15,30.1775335,14,6.235061808
2016-10-16,29.83003329,12.79166667,6.116708079
2016-10-17,30.17045,15.625,7.049782896
2016-10-18,29.74628333,14.75,6.836957429
2016-10-19,29.72544983,15.5,5.920705538
2016-10-20,30.34961642,18.20833333,7.962910479
2016-10-21,30.15086658,21.125,7.790449283
2016-10-22,30.31836688,22.25,11.90164923
2016-10-23,28.60670004,18.375,12.42950408
2016-10-24,28.62711663,17.29166667,11.49939783
2016-10-25,28.67003342,24.875,10.1187462
2016-10-26,28.35586667,23.08333333,5.774870021
2016-10-27,27.7692,15.41666667,8.50314735
2016-10-28,27.28836633,15.45833333,8.646011875
2016-10-29,26.5033665,18.125,6.432060646
2016-10-30,26.69378333,20.54166667,5.304879988
2016-10-31,27.01836633,21.375,4.599030758
2016-11-01,26.22128304,18.20833333,7.449248313
2016-11-02,26.40753325,17.375,5.635877304
2016-11-03,26.34878288,23.79166667,2.155764528
2016-11-04,26.99919971,20.29166667,5.620952696
2016-11-05,26.30919975,18.375,7.318417742
2016-11-06,26.93086621,18.125,5.567883003
2016-11-07,25.63086633,16.125,9.961524521
2016-11-08,24.44086615,14.54166667,13.04973988
2016-11-09,24.90628333,12.125,9.740918429
2016-11-10,24.41003313,13.66666667,7.128912783
2016-11-11,24.1304495,19.08333333,8.527234325
2016-11-12,24.53753283,20.91666667,9.347181175
2016-11-13,25.19128288,23.25,4.253455508
2016-11-14,25.05294958,23.25,5.36617144
2016-11-15,23.90086625,22,7.420458983
2016-11-16,23.09878288,16.83333333,9.80598215
2016-11-17,22.59961625,15.95833333,13.30105471
2016-11-18,23.29419946,16.25,13.77501213
2016-11-19,23.66211638,14.66666667,7.932523583
2016-11-20,23.92128288,17.375,5.596407008
2016-11-21,23.9583665,20,6.384642913
2016-11-22,25.09461642,18.70833333,9.991458804
2016-11-23,23.975866,24.45833333,8.835202975
2016-11-24,23.99503283,18.91666667,8.042246367
2016-11-25,23.38753292,16.33333333,17.54442394
2016-11-26,24.20794983,17,17.13320842
2016-11-27,23.73253313,21.04166667,12.9276081
2016-11-28,23.77461621,17.79166667,13.54116485
2016-11-29,22.18669969,19.83333333,5.733898667
2016-11-30,22.44503285,37.625,8.294365358
2016-12-01,22.96586631,42.95833333,6.333590179
2016-12-02,23.04544954,29.08333333,7.779850158
2016-12-03,22.1158664,21.33333333,6.514191163
2016-12-04,21.83628296,20.45833333,8.262377579
2016-12-05,21.73919946,20.16666667,9.406649975
2016-12-06,22.32086625,20.75,3.852242769
2016-12-07,22.01336608,23.58333333,3.826704271
2016-12-08,22.02378275,25.75,2.965857237
2016-12-09,22.48878279,26.04166667,3.690096524
2016-12-10,23.55128304,28,8.504660363
2016-12-11,24.34628296,32.45833333,6.637153967
2016-12-12,22.49753283,31.70833333,8.044264867
2016-12-13,20.93503283,25.04166667,9.490696713
2016-12-14,19.94169975,27.54166667,12.97099694
2016-12-15,19.16628317,22.75,11.89453649
2016-12-16,19.67294981,21.66666667,5.201619817
2016-12-17,20.85919942,19.20833333,5.729023565
2016-12-18,19.07169988,22.20833333,7.142833046
2016-12-19,19.13294971,23.75,9.926276088
2016-12-20,19.045033,21.83333333,16.6031801
2016-12-21,18.89086633,19.95833333,15.201089
2016-12-22,18.94669983,18.75,8.18097885
2016-12-23,19.44586635,23.70833333,3.830044358
2016-12-24,19.31503325,29,9.870988
2016-12-25,18.55003304,48.41666667,10.16808298
2016-12-26,18.56586663,36.5,11.45707576
2016-12-27,18.38128321,16.70833333,8.952632242
2016-12-28,20.40086638,16.91666667,7.563047803
2016-12-29,19.73961638,26.625,6.185537888
2016-12-30,18.06919992,38.04166667,8.839338163
2016-12-31,18.04878315,44.58333333,10.40688981
2017-01-01,18.81794992,49.5,8.402195054
2017-01-02,19.29628304,45.04166667,5.82709475
2017-01-03,19.362533,37.54166667,5.4636135
2017-01-04,20.57211646,37.33333333,5.128260549
2017-01-05,20.10919981,38.20833333,4.345766058
2017-01-06,19.53919971,40.83333333,12.31409629
2017-01-07,17.16378313,57.875,9.085720658
2017-01-08,15.53503317,57.625,4.960692879
2017-01-09,15.23711656,45.75,10.10855638
2017-01-10,13.71128348,34.70833333,12.26685996
2017-01-11,11.77878347,23.45833333,11.81959562
2017-01-12,12.55961664,28.5,8.141677433
2017-01-13,13.28919998,27.625,7.161610117
2017-01-14,14.5950332,25.125,5.893600463
2017-01-15,18.36169988,24.875,4.52172092
2017-01-16,16.04794983,34.875,9.472761475
2017-01-17,14.44294993,45.25,9.664123729
2017-01-18,15.21044987,43.66666667,9.250049675
2017-01-19,15.14544999,41.54166667,14.2991196
2017-01-20,14.95586664,33.125,13.56130788
2017-01-21,18.49128308,25.83333333,9.998310617
2017-01-22,20.60878288,32.08333333,7.700697138
2017-01-23,19.97044977,37.45833333,10.35792016
2017-01-24,21.22961625,31.91666667,5.083506033
2017-01-25,23.32169967,37.95833333,14.42546704
2017-01-26,18.51628317,72.70833333,11.00785864
2017-01-27,16.54961658,75.20833333,10.12598041
2017-01-28,17.6067,61.75,8.370601633
2017-01-29,18.88669988,51.91666667,12.13838843
2017-01-30,19.88211646,41.33333333,6.076443586
2017-01-31,20.14378273,42.125,6.744270542
2017-02-01,18.42503304,47.625,8.854703463
2017-02-02,19.07128306,44.625,5.044637083
2017-02-03,20.29419965,40.58333333,5.143330454
2017-02-04,21.15503292,44.33333333,16.76617846
2017-02-05,21.13753279,46.54166667,12.08851842
2017-02-06,19.10628325,50.66666667,11.01118753
2017-02-07,17.2566999,37.91666667,11.99716585
2017-02-08,19.92336646,31.29166667,8.853822042
2017-02-09,17.9883665,34.625,11.36809104
2017-02-10,16.97961665,35.33333333,12.64579983
2017-02-11,17.71544998,33.5,5.589297179
2017-02-12,18.71003319,35.70833333,6.20605095
2017-02-13,18.61836638,35.45833333,10.11041833
2017-02-14,19.05211652,27.95833333,10.96028254
2017-02-15,21.21544977,26.91666667,9.878829867
2017-02-16,23.6687831,27.58333333,13.77802152
2017-02-17,25.05544979,29.70833333,13.7921851
2017-02-18,24.9796165,32.33333333,11.28417713
2017-02-19,25.42711654,29.16666667,8.494156675
2017-02-20,25.81294975,28.33333333,9.548425954
2017-02-21,21.76003294,29.45833333,10.59436171
2017-02-22,20.94836656,28.08333333,9.245339429
2017-02-23,19.41253325,27.66666667,15.03457355
2017-02-24,19.39794983,19.875,19.50810871
2017-02-25,21.13461644,18.45833333,18.42459342
2017-02-26,21.4450331,20.5,13.33257345
2017-02-27,21.90003325,19.79166667,10.60974811
2017-02-28,24.4658665,19.29166667,5.534071824
2017-03-01,25.86169975,24.79166667,10.20217554
2017-03-02,23.79919963,27.41666667,6.334183771
2017-03-03,22.14378319,26.5,10.98118007
2017-03-04,21.91044979,22.29166667,10.66281005
2017-03-05,21.11294971,20.625,15.34033964
2017-03-06,22.14836625,21.33333333,14.39531873
2017-03-07,23.78878271,21.25,6.705787838
2017-03-08,24.50544929,20.83333333,15.89281798
2017-03-09,22.37044965,32.58333333,9.597156946
2017-03-10,20.39586625,53.95833333,20.20294102
2017-03-11,18.57169988,58.58333333,14.15404385
2017-03-12,18.57628321,38,7.866849904
2017-03-13,19.25461638,26.25,11.86026477
2017-03-14,21.48461656,23.75,7.873763725
2017-03-15,23.70003283,19.83333333,10.82902369
2017-03-16,24.32003271,22.04166667,6.845066525
2017-03-17,23.61961629,28.45833333,15.71291527
2017-03-18,24.24544971,27.375,9.014904033
2017-03-19,25.35378283,24.16666667,9.860742754
2017-03-20,25.47545,23.29166667,13.48839142
2017-03-21,27.55503338,19.91666667,11.73050644
2017-03-22,30.29086675,18.70833333,10.85064769
2017-03-23,31.31086696,18.20833333,6.044375402
2017-03-24,29.83003333,20.54166667,10.41085409
2017-03-25,28.66836671,17.58333333,14.53615048
2017-03-26,29.74170021,18.29166667,18.17907708
2017-03-27,31.89878342,19.54166667,16.93400885
2017-03-28,33.25836658,17.83333333,10.63898341
2017-03-29,33.55170021,16.54166667,12.66218432
2017-03-30,33.41420021,18.66666667,12.17622598
2017-03-31,34.12503379,16.95833333,8.418219992
2017-04-01,34.1229505,12.75,8.874937846
2017-04-02,33.06711692,14.625,8.792476488
2017-04-03,33.42628325,13.45833333,8.514705608
2017-04-04,33.49086663,16.45833333,10.33402143
2017-04-05,32.62378396,21.625,12.34855761
2017-04-06,32.02045008,20.41666667,17.71311533
2017-04-07,29.45128354,13.875,9.743942596
2017-04-08,28.63211633,14.58333333,9.154040504
2017-04-09,26.86503321,13.20833333,18.25027396
2017-04-10,26.91003333,11.83333333,21.40481933
2017-04-11,29.43711679,12.20833333,20.19512667
2017-04-12,32.0612835,11.625,17.59020872
2017-04-13,33.44711696,10.45833333,6.78458345
2017-04-14,34.60920083,9.041666667,7.710387563
2017-04-15,34.72961708,11.04166667,9.411098196
2017-04-16,35.89045008,9.875,9.411035258
2017-04-17,36.22878383,11.20833333,7.848747683
2017-04-18,37.27670071,8.958333333,11.7801055
2017-04-19,36.70753379,10.58333333,12.21046456
2017-04-20,36.75420033,15.25,6.745362833
2017-04-21,39.11795054,12.83333333,9.569515683
2017-04-22,37.06961717,15.625,12.41267545
2017-04-23,35.49253363,16.375,14.11228018
2017-04-24,34.79878421,18.25,14.22099548
2017-04-25,33.52586721,14.45833333,14.81777485
2017-04-26,33.40045038,13.375,8.226251579
2017-04-27,35.02003404,12,10.07537729
2017-04-28,34.85211688,13.54166667,8.323100013
2017-04-29,35.38003392,14.58333333,7.090124983
2017-04-30,34.55003388,18.25,10.72764301
2017-05-01,32.23336692,21.45833333,9.428198671
2017-05-02,34.59961692,11.83333333,6.967680921
2017-05-03,35.77920083,11.375,11.55807268
2017-05-04,34.65670017,16.75,13.06355063
2017-05-05,35.4854505,15.08333333,12.86849251
2017-05-06,37.57086725,13.125,7.30682714
2017-05-07,39.187534,11.91666667,8.964138096
2017-05-08,39.27878417,11.45833333,8.178078904
2017-05-09,38.17878383,15.20833333,11.92688874
2017-05-10,36.81670038,25.70833333,11.6724097
2017-05-11,37.97586688,20.5,10.69521358
2017-05-12,37.57295046,18.375,9.331063683
2017-05-13,38.63961733,16.16666667,10.98295649
2017-05-14,38.8854505,13.625,14.48240441
2017-05-15,38.77586683,12.625,7.676349088
2017-05-16,38.49336746,14.375,8.513575392
2017-05-17,37.43503375,15.91666667,8.5476482
2017-05-18,36.87920075,17.875,10.45970919
2017-05-19,37.71295046,18.125,9.427348113
2017-05-20,37.69128429,18.20833333,13.89862982
2017-05-21,37.25128471,19.79166667,10.23328687
2017-05-22,36.82003375,19.91666667,9.112699146
2017-05-23,35.952117,19.875,10.65929611
2017-05-24,37.94503413,19.29166667,3.975809978
2017-05-25,39.52545071,16.16666667,5.354424613
2017-05-26,40.94045096,12.04166667,8.553082029
2017-05-27,39.37461746,16.41666667,12.89174712
2017-05-28,37.92420088,26.625,16.38599278
2017-05-29,36.73170088,28.66666667,15.57372892
2017-05-30,35.68128388,29.66666667,11.15666381
2017-05-31,36.79003429,24.29166667,11.99282449
2017-06-01,36.05670071,27.16666667,14.05197049
2017-06-02,38.0842005,14.25,11.12998197
2017-06-03,40.191701,12,13.6820879
2017-06-04,40.80461771,11.5,19.12836204
2017-06-05,40.42753408,19.79166667,21.84834485
2017-06-06,39.95961754,22.75,16.34228279
2017-06-07,37.84086704,26.70833333,10.73610414
2017-06-08,37.01211763,28.91666667,9.438929679
2017-06-09,38.02753396,23.33333333,7.410937392
2017-06-10,37.79586758,19.91666667,9.292199183
2017-06-11,37.844617,19.20833333,12.55527109
2017-06-12,38.35086733,17.79166667,11.89445015
2017-06-13,38.79378446,17.33333333,11.31281093
2017-06-14,39.49711742,17.5,11.49364937
2017-06-15,38.48836729,19.95833333,10.64815995
2017-06-16,37.65378421,23.875,7.952815208
2017-06-17,36.7837845,29.20833333,8.136894058
2017-06-18,38.10170121,27.29166667,11.40691333
2017-06-19,38.18378388,28.75,11.28984597
2017-06-20,36.71503379,34.54166667,8.762022408
2017-06-21,34.98295083,36.625,7.805551363
2017-06-22,33.68045058,39.95833333,9.821936371
2017-06-23,35.93045038,32.25,10.11935695
2017-06-24,36.9704505,32.125,9.646013683
2017-06-25,39.00753396,28,7.448634313
2017-06-26,38.60295063,32.16666667,11.21316638
2017-06-27,37.50586783,36.45833333,13.2340395
2017-06-28,35.36378425,45,14.38043847
2017-06-29,32.97628388,59.54166667,8.492194738
2017-06-30,33.26253367,58.875,5.505385816
2017-07-01,32.56253363,62.25,7.502606291
2017-07-02,31.55920017,68.08333333,10.52864345
2017-07-03,32.42711679,63.54166667,6.085079329
2017-07-04,35.56128375,45.91666667,11.67077408
2017-07-05,35.03211758,48.66666667,10.55602062
2017-07-06,32.86003371,56.83333333,10.07744496
2017-07-07,32.21336679,59.33333333,9.561543724
2017-07-08,35.41920021,45.95833333,9.105263496
2017-07-09,38.12670058,33.16666667,14.60380383
2017-07-10,37.17961738,36.66666667,14.68241985
2017-07-11,33.64961696,54.54166667,11.60953237
2017-07-12,30.85128313,63.5,14.9028235
2017-07-13,32.61253379,55.58333333,8.883111675
2017-07-14,32.92295042,55.79166667,13.56591713
2017-07-15,32.60378371,58.70833333,11.91095946
2017-07-16,33.40170013,55.54166667,11.1231274
2017-07-17,34.63628367,50.04166667,5.631831667
2017-07-18,35.01128413,48.25,12.49068289
2017-07-19,36.09003383,44.33333333,9.400784196
2017-07-20,34.47628379,49.16666667,12.41370562
2017-07-21,33.60378383,53.29166667,13.93328124
2017-07-22,32.70878354,56.5,18.83603291
2017-07-23,32.56503342,57.58333333,18.73287796
2017-07-24,32.16545021,58.75,15.1716076
2017-07-25,32.40878354,57.29166667,15.20500181
2017-07-26,32.01086675,60.375,10.85505226
2017-07-27,33.59503342,52.20833333,10.35686229
2017-07-28,32.93295067,55.58333333,11.64441085
2017-07-29,32.63336683,59.08333333,14.84857967
2017-07-30,31.89878354,62.25,8.917730779
2017-07-31,31.56169988,63.83333333,7.759309433
2017-08-01,32.08086679,60.45833333,5.458582774
2017-08-02,32.79753375,57.125,10.6516489
2017-08-03,33.04836696,57.25,11.42919738
2017-08-04,33.70378342,54.04166667,12.5050316
2017-08-05,34.23420042,52.95833333,9.472045108
2017-08-06,34.66753338,51.16666667,11.06765177
2017-08-07,32.71086688,62.91666667,12.17370708
2017-08-08,31.50086663,67.66666667,9.3570512
2017-08-09,32.07128342,64.79166667,7.776408429
2017-08-10,34.17378338,54.70833333,11.77966461
2017-08-11,35.04961733,49.75,15.095036
2017-08-12,34.37670083,48.375,16.82417453
2017-08-13,34.15045025,49.375,12.49791496
2017-08-14,34.58920038,46.20833333,7.227035117
2017-08-15,35.42836683,41.125,9.839487192
2017-08-16,36.68336742,33.45833333,10.81694238
2017-08-17,36.67336708,31.58333333,14.23935569
2017-08-18,34.9217005,42.58333333,10.23140697
2017-08-19,30.79086642,67.875,15.77629469
2017-08-20,31.64878346,63.54166667,8.148669763
2017-08-21,30.99294971,66.75,9.013088913
2017-08-22,30.66753346,68.625,9.401417575
2017-08-23,31.21128325,64.66666667,8.613819942
2017-08-24,32.09170008,59.83333333,9.655139842
2017-08-25,33.47711729,52.95833333,7.054947558
2017-08-26,32.93670017,54.83333333,9.034636142
2017-08-27,32.81628342,56.25,9.367657263
2017-08-28,29.37836604,68.79166667,15.66405565
2017-08-29,29.7521165,67.79166667,15.0173394
2017-08-30,29.11878288,75.08333333,14.31594717
2017-08-31,28.32044958,79.29166667,10.17704958
2017-09-01,28.69044954,76,8.365638771
2017-09-02,27.69336621,79.79166667,7.796682388
2017-09-03,30.61795,63,6.118459833
2017-09-04,33.37003367,46.95833333,8.718138454
2017-09-05,34.76211717,38.66666667,10.31064762
2017-09-06,33.98545046,41.58333333,8.417405404
2017-09-07,32.73545038,47.125,5.59220682
2017-09-08,32.91003321,47.79166667,5.715992033
2017-09-09,34.30670008,41.08333333,6.478154608
2017-09-10,34.61003404,36.83333333,6.831685178
2017-09-11,34.62920029,37.125,7.1841071
2017-09-12,35.08420063,35.125,10.0211891
2017-09-13,34.26545042,38.58333333,7.215172783
2017-09-14,33.99461729,38.29166667,4.844017815
2017-09-15,34.54586713,35.66666667,5.755529221
2017-09-16,33.70670071,35.04166667,5.26732655
2017-09-17,33.78628333,33.08333333,7.219724929
2017-09-18,35.43378454,25.45833333,6.489313902
2017-09-19,32.56295038,52,11.08061836
2017-09-20,32.86253379,51.125,8.563987283
2017-09-21,30.26294992,62.79166667,17.6096215
2017-09-22,24.55878283,88.125,17.07204321
2017-09-23,24.47253275,91,9.866535588
2017-09-24,26.43503304,82.08333333,8.168283779
2017-09-25,31.62919996,50.08333333,8.397158075
2017-09-26,33.00711663,32.83333333,9.169824808
2017-09-27,32.99961675,28.79166667,8.017633725
2017-09-28,32.48420013,30.95833333,5.828438625
2017-09-29,32.50628383,34.25,6.179399929
2017-09-30,32.62253346,34.08333333,7.099617571
2017-10-01,31.78170021,31.29166667,7.441288038
2017-10-02,31.42878346,31.25,7.598874986
2017-10-03,31.67045046,29.95833333,7.914724642
2017-10-04,31.33795004,28.66666667,7.454581299
2017-10-05,31.08045004,32.20833333,4.447298682
2017-10-06,31.72419988,30.54166667,3.740295999
2017-10-07,31.82961675,23.79166667,4.706787613
2017-10-08,31.01086692,27.5,4.543584479
2017-10-09,30.62086692,36.45833333,6.108474521
2017-10-10,30.74586671,35.83333333,5.455134454
2017-10-11,31.04836679,34.41666667,5.297988471
2017-10-12,31.32711675,32.45833333,5.273100254
2017-10-13,31.16003363,22.45833333,8.145533879
2017-10-14,31.60961717,19.83333333,6.696237921
2017-10-15,32.01920008,20.58333333,5.233170192
2017-10-16,31.63128371,19.375,6.025486624
2017-10-17,30.45044988,18.25,7.35491225
2017-10-18,29.78211679,22.79166667,4.95960605
2017-10-19,29.81295038,34.04166667,3.414098143
2017-10-20,31.70128321,32.45833333,3.696816517
2017-10-21,31.20295042,21.20833333,7.947653925
2017-10-22,30.22878313,20.79166667,5.776706046
2017-10-23,28.37961654,24.25,4.589666571
2017-10-24,29.18294996,19.375,6.364390675
2017-10-25,27.76628313,18.04166667,7.132167087
2017-10-26,27.18545,23.70833333,7.614084967
2017-10-27,26.53044979,29,6.985376738
2017-10-28,27.56336663,23.54166667,5.841057824
2017-10-29,26.35461621,25.70833333,6.969391125
2017-10-30,26.45961638,28.04166667,5.032801204
2017-10-31,26.67211633,27.66666667,5.553378896
2017-11-01,25.96128283,30.83333333,6.546811861
2017-11-02,26.0946165,35.70833333,7.026395921
2017-11-03,26.36503292,34.91666667,4.678716763
2017-11-04,25.95294967,38.04166667,5.492237996
2017-11-05,26.62961629,38.70833333,2.69677627
2017-11-06,27.28961608,34.04166667,4.915030958
2017-11-07,26.92878288,30.41666667,3.582872583
2017-11-08,26.53919954,25.125,2.560869257
2017-11-09,26.51669938,24,4.299814333
2017-11-10,26.06253296,24.29166667,3.749672279
2017-11-11,26.07878296,23.20833333,4.314853433
2017-11-12,25.50378317,22.875,5.212390546
2017-11-13,25.13003292,24.91666667,5.735407863
2017-11-14,23.64586617,30.16666667,9.490449042
2017-11-15,23.55086617,33.29166667,8.912612958
2017-11-16,23.58253321,36.04166667,7.024814987
2017-11-17,23.776283,33.16666667,7.601196283
2017-11-18,23.02419954,35.58333333,9.171561333
2017-11-19,21.31878283,30.58333333,10.90860394
2017-11-20,19.64294963,22.75,10.69244156
2017-11-21,19.07419975,23.29166667,11.1547857
2017-11-22,19.50336654,21.41666667,11.49557874
2017-11-23,19.91128321,16.70833333,9.997511496
2017-11-24,20.32419979,15.625,9.865024392
2017-11-25,21.29961648,14.25,8.973672663
2017-11-26,21.57961625,15.95833333,7.175611371
2017-11-27,21.15878308,18.45833333,10.75087355
2017-11-28,21.31003304,21.08333333,7.28046875
2017-11-29,21.72503288,25.16666667,5.125226608
2017-11-30,22.05128296,24.08333333,6.267409225
2017-12-01,21.01961635,23.08333333,6.901397992
2017-12-02,19.98878319,26.25,4.830689513
2017-12-03,20.90794971,26,3.144584504
2017-12-04,22.01544946,23.91666667,2.132681949
2017-12-05,22.70044954,22.125,5.368880888
2017-12-06,21.51544958,17.79166667,10.50914758
2017-12-07,20.75961629,18.70833333,10.86003025
2017-12-08,20.73669958,16.625,12.71931019
2017-12-09,20.57836631,20,5.41184151
2017-12-10,22.3691995,22.83333333,2.01223639
2017-12-11,20.74211633,31.375,6.757613404
2017-12-12,18.74336644,57.29166667,8.618599775
2017-12-13,19.85503292,50.83333333,7.612055613
2017-12-14,17.83044958,41.20833333,8.693479204
2017-12-15,16.897533,34.75,11.91782163
2017-12-16,15.90961671,27.58333333,13.82586188
2017-12-17,16.14378344,22.625,13.49348356
2017-12-18,17.91503288,20,14.84578146
2017-12-19,20.01544975,19.5,11.60830508
2017-12-20,21.07253325,22.375,8.105378329
2017-12-21,21.54461633,25.41666667,10.78161463
2017-12-22,19.08544975,29.875,14.76208231
2017-12-23,18.2383664,28.16666667,12.58332215
2017-12-24,18.48878315,25.41666667,4.713450517
2017-12-25,18.67211646,27.45833333,10.04550511
2017-12-26,18.07211654,26.45833333,9.888463404
2017-12-27,19.60669975,24.33333333,5.817595654
2017-12-28,20.84461631,27,3.127338921
2017-12-29,19.60378302,29.45833333,5.194043596
2017-12-30,18.68544973,32.75,4.590495733
2017-12-31,17.88753317,29.29166667,4.476511262
2018-01-01,16.6196165,23.95833333,4.041056204
2018-01-02,16.26919992,28.41666667,4.464367883
2018-01-03,16.19878327,34.70833333,8.042218113
2018-01-04,16.47461648,31.54166667,6.272572025
2018-01-05,16.92878304,32.58333333,5.147678029
2018-01-06,15.83128333,33.58333333,9.960646592
2018-01-07,14.9192,32.875,12.36178073
2018-01-08,15.26503318,28.75,10.37375875
2018-01-09,15.7158665,28.41666667,9.45348355
2018-01-10,15.65628306,24.91666667,12.83066119
2018-01-11,16.1254499,22.58333333,14.37100458
2018-01-12,17.97086656,23.25,10.8336778
2018-01-13,18.2033665,26.54166667,7.604074558
2018-01-14,17.12128329,28.29166667,9.984091408
2018-01-15,16.48544985,27.875,11.7553907
2018-01-16,15.99086668,26.75,10.66137197
2018-01-17,16.10419995,41.125,10.19689206
2018-01-18,19.05753315,39.25,7.208566733
2018-01-19,19.25045,38.91666667,11.12150275
2018-01-20,17.94920004,32.5,12.5495431
2018-01-21,16.4400333,22.29166667,6.80055405
2018-01-22,17.27711656,32.25,7.269632533
2018-01-23,14.14253331,52.91666667,11.34521543
2018-01-24,13.99836671,68.41666667,6.574121338
2018-01-25,16.14211671,46.16666667,12.25550351
2018-01-26,16.47544985,38.04166667,7.958907821
2018-01-27,16.63961671,34.16666667,6.826478017
2018-01-28,17.33836654,26.625,6.592762
2018-01-29,18.59586646,26.41666667,10.48467932
2018-01-30,19.74544994,25.91666667,15.54546017
2018-01-31,20.41294975,27.375,18.46508958
2018-02-01,21.085033,30,10.1170514
2018-02-02,21.31669983,31.58333333,5.336200079
2018-02-03,20.14878315,31.625,5.930548642
2018-02-04,17.53169977,26.95833333,9.308029683
2018-02-05,19.30669979,22.58333333,4.810544758
2018-02-06,21.21044954,20.08333333,7.703799033
2018-02-07,17.51378325,16.875,13.63851631
2018-02-08,17.1250333,20.375,7.6785977
2018-02-09,17.66836654,20,7.949572092
2018-02-10,19.96628329,19.70833333,2.53158141
2018-02-11,19.46919979,26.95833333,11.07225583
2018-02-12,18.921283,55.25,20.13134904
2018-02-13,18.67544971,48.875,7.4725078
2018-02-14,18.23711665,37.91666667,15.02158163
2018-02-15,19.47294979,37.04166667,16.17806402
2018-02-16,21.14753323,35.95833333,13.63904933
2018-02-17,21.49211656,33.5,12.76838251
2018-02-18,21.82128296,31.16666667,6.431817342
2018-02-19,22.72503302,24.83333333,5.245065238
2018-02-20,23.516283,22.79166667,7.429695546
2018-02-21,25.29503321,26.25,7.450764267
2018-02-22,25.19503313,27.29166667,6.176236854
2018-02-23,26.19919967,29.58333333,3.896107658
2018-02-24,26.17753333,36.25,11.08413892
2018-02-25,23.39169954,46.70833333,8.317412217
2018-02-26,23.44086625,34.70833333,14.9660275
2018-02-27,25.24128315,32.54166667,12.29164863
2018-02-28,25.63128292,33.66666667,7.373222146
2018-03-01,26.36419996,32,5.670991521
2018-03-02,26.38044971,29.125,6.630883063
2018-03-03,25.96961667,29.375,6.850808392
2018-03-04,23.47044963,37.79166667,14.30717352
2018-03-05,23.44003242,35.45833333,8.930917704
2018-03-06,23.47294967,26.04166667,13.96833431
2018-03-07,24.26961656,25.33333333,11.71741735
2018-03-08,25.82211638,22.5,5.179421361
2018-03-09,26.03253325,20.04166667,7.401417496
2018-03-10,26.17836658,21.54166667,12.53354438
2018-03-11,26.69253317,21.75,11.567181
2018-03-12,27.4192,21.41666667,11.91875318
2018-03-13,28.79170025,18.16666667,7.931284138
2018-03-14,29.11211671,16.41666667,7.775202878
2018-03-15,27.70544983,18.66666667,8.134821154
2018-03-16,25.61794975,19.66666667,9.512010871
2018-03-17,24.83003373,19,12.45859565
2018-03-18,26.06461642,17.375,10.5404473
2018-03-19,28.13753342,15.16666667,8.737717504
2018-03-20,29.60294988,17.16666667,6.9282053
2018-03-21,27.17170004,26.75,10.71500469
2018-03-22,25.36294958,32.33333333,9.627850833
2018-03-23,25.89044971,29,7.897248258
2018-03-24,27.37795013,26.04166667,10.36874383
2018-03-25,28.16794983,19.625,14.22625938
2018-03-26,29.10919996,15.66666667,15.7017105
2018-03-27,30.22003325,10.66666667,12.22591259
2018-03-28,31.13170017,8.625,7.417396729
2018-03-29,29.84420033,10.79166667,14.28160934
2018-03-30,29.12044992,11.08333333,13.03258197
2018-03-31,29.18961704,17,8.734745913
2018-04-01,30.53253371,22.91666667,9.129537608
2018-04-02,31.29628329,24.66666667,7.827007296
2018-04-03,33.34170054,20.45833333,8.471574038
2018-04-04,33.78378392,19.66666667,8.454716875
2018-04-05,34.43878413,18.08333333,5.929374174
2018-04-06,32.90211692,19.625,5.98911072
2018-04-07,32.38086679,22.33333333,7.524738617
2018-04-08,31.72420013,27.125,7.273921583
2018-04-09,32.90586696,26.375,8.540521463
2018-04-10,33.58461708,22.04166667,10.46212188
2018-04-11,31.02461642,30.08333333,10.25575952
2018-04-12,30.243367,31.04166667,9.016340558
2018-04-13,31.07253338,16.75,11.35135201
2018-04-14,32.79753358,13.29166667,10.45812088
2018-04-15,33.58211704,14.625,7.34707862
2018-04-16,34.25086696,14.75,10.87549717
2018-04-17,32.89253317,17.29166667,9.461559408
2018-04-18,33.02420063,15.70833333,15.78006158
2018-04-19,34.16420017,14.75,10.91441309
2018-04-20,33.42836696,13.95833333,19.51923171
2018-04-21,29.97544992,18.95833333,13.73039994
2018-04-22,29.64170013,13.75,15.96613958
2018-04-23,30.80795017,12.16666667,14.647019
2018-04-24,32.98420042,10.04166667,13.61996951
2018-04-25,35.3550335,7.458333333,11.71907389
2018-04-26,37.43920096,7.583333333,10.84246962
2018-04-27,35.45586704,15.375,12.30789499
2018-04-28,36.14170075,18.25,12.21801646
2018-04-29,35.75503358,19.91666667,10.20414767
2018-04-30,36.040034,21.625,12.32493793
2018-05-01,34.82753392,28.625,14.53403844
2018-05-02,36.28670071,23.70833333,15.92619946
2018-05-03,35.772117,25.45833333,22.73397656
2018-05-04,34.98545013,28.375,18.17085509
2018-05-05,36.34628396,21,9.684709308
2018-05-06,38.03336717,14.5,10.72324687
2018-05-07,36.0775335,13.75,12.0160704
2018-05-08,31.48003354,25,15.37677806
2018-05-09,32.08461675,26.95833333,9.221606242
2018-05-10,35.205034,18.41666667,10.70079805
2018-05-11,38.01711704,14.75,9.339858842
2018-05-12,40.34045071,12,7.36326012
2018-05-13,38.01586713,15,10.27533152
2018-05-14,36.66753379,20.45833333,10.23110094
2018-05-15,37.47836675,17.95833333,10.32178082
2018-05-16,38.3425345,16.45833333,8.401187563
2018-05-17,37.87003408,11.95833333,9.769297096
2018-05-18,38.32878375,12.58333333,8.661517133
2018-05-19,38.06753433,13.45833333,7.254967463
2018-05-20,38.06003421,12.70833333,7.953515504
2018-05-21,37.83753417,9.083333333,12.60543246
2018-05-22,39.04170083,7.916666667,10.70448571
2018-05-23,38.86795096,10.79166667,10.37447498
2018-05-24,37.35086721,14.45833333,13.15396735
2018-05-25,38.23086725,6.291666667,10.45600948
2018-05-26,39.04753371,5.791666667,7.334085163
2018-05-27,39.52336725,5.5,8.163257699
2018-05-28,38.793784,5.75,6.490209842
2018-05-29,39.63628408,7.625,8.299404567
2018-05-30,38.73920046,12.95833333,9.485213971
2018-05-31,40.37253408,16.58333333,6.490625871
2018-06-01,39.89086767,17.5,13.52134971
2018-06-02,38.90628392,21.16666667,12.79154944
2018-06-03,38.83753383,22.79166667,12.76846892
2018-06-04,39.8150345,23.91666667,12.00961296
2018-06-05,39.96670071,25.66666667,13.86947873
2018-06-06,40.30253396,25.66666667,10.52428573
2018-06-07,40.3517005,24.75,8.749078929
2018-06-08,40.22878379,25.29166667,10.188776
2018-06-09,39.83378367,28.16666667,13.93372853
2018-06-10,38.88461804,30.04166667,10.09134811
2018-06-11,39.98545146,22.375,15.0609241
2018-06-12,40.64295058,19.83333333,16.91698457
2018-06-13,39.63211692,22.70833333,22.921806
2018-06-14,39.06420038,24.20833333,22.94977927
2018-06-15,38.09086763,27.58333333,20.50585992
2018-06-16,38.12336767,30.25,15.93924435
2018-06-17,37.01753438,32.41666667,13.73583356
2018-06-18,37.25170079,29.625,11.35914551
2018-06-19,38.40961754,24,12.66079873
2018-06-20,39.73878463,21.75,11.1285083
2018-06-21,40.51586729,19.16666667,12.29784241
2018-06-22,41.30378417,17.75,9.097466288
2018-06-23,42.14836733,16.45833333,9.251148617
2018-06-24,41.2008675,17.08333333,14.36034398
2018-06-25,40.72503413,17.54166667,13.88469989
2018-06-26,38.59670083,25.79166667,13.56065131
2018-06-27,33.97545046,51.45833333,8.205270413
2018-06-28,32.96753358,56.875,15.47695019
2018-06-29,33.88295038,51.16666667,13.75551394
2018-06-30,34.24003379,53.45833333,4.86045187
2018-07-01,36.05586754,47.79166667,10.18935132
2018-07-02,36.68920054,45.29166667,12.42720275
2018-07-03,32.97336671,56.58333333,10.24763292
2018-07-04,32.90961721,54.25,10.43410478
2018-07-05,35.27128438,41.91666667,11.834541
2018-07-06,36.26628413,36.29166667,13.95235332
2018-07-07,38.71753371,29.5,10.45193718
2018-07-08,40.26420117,23.20833333,9.208426808
2018-07-09,38.17128433,36.16666667,14.35240281
2018-07-10,37.088784,44.45833333,11.41174608
2018-07-11,36.67795046,44.625,11.24316322
2018-07-12,34.51045075,52.625,12.43837647
2018-07-13,33.38170004,57.625,9.064779507
2018-07-14,30.62253308,73.29166667,9.841091767
2018-07-15,33.33253388,59.45833333,9.345997804
2018-07-16,33.81711742,56.70833333,7.687085842
2018-07-17,32.61586713,63.875,7.355954117
2018-07-18,33.96503379,55.75,8.844763767
2018-07-19,35.10586738,49.29166667,2.672586314
2018-07-20,34.25336792,54.54166667,6.676092925
2018-07-21,31.26919988,72.08333333,6.85823365
2018-07-22,29.38294988,80.5,9.325917638
2018-07-23,32.02253308,62.125,10.36976296
2018-07-24,32.93503363,59.16666667,5.976326129
2018-07-25,32.21836696,65.25,4.778921539
2018-07-26,29.73503288,78.54166667,8.482647046
2018-07-27,26.77628304,92.91666667,14.29346295
2018-07-28,29.13169996,77.75,6.792244354
2018-07-29,31.36795004,65.95833333,7.692014908
2018-07-30,33.58128371,53.79166667,9.920207088
2018-07-31,33.83670008,53,13.3323415
2018-08-01,33.67128358,53.66666667,13.19610345
2018-08-02,33.89420063,53.45833333,12.83310191
2018-08-03,33.88045029,48.58333333,13.71811182
2018-08-04,34.02670058,51.16666667,14.02946848
2018-08-05,32.95795046,54.75,13.75736075
2018-08-06,28.67836625,69.20833333,9.601793558
2018-08-07,27.13169942,77.875,7.495906471
2018-08-08,31.1358665,62.75,9.806543942
2018-08-09,32.36461704,60.625,7.982925363
2018-08-10,33.62545042,54.70833333,5.595004758
2018-08-11,34.56711733,51.70833333,11.50735702
2018-08-12,32.90336696,55.95833333,12.21373568
2018-08-13,30.99503358,70,10.20292086
2018-08-14,32.40961688,63.375,10.7638259
2018-08-15,32.96378379,58.95833333,9.069155138
2018-08-16,30.6142,70.5,8.645789179
2018-08-17,31.16419983,68.45833333,6.916421763
2018-08-18,31.21878325,67.375,5.643299275
2018-08-19,31.93961667,65.20833333,6.815120446
2018-08-20,33.55670038,58.08333333,8.960106192
2018-08-21,33.77628404,56.54166667,7.632128042
2018-08-22,32.61086704,62.45833333,6.1660023
2018-08-23,32.51711688,64.58333333,7.491868904
2018-08-24,31.74336642,68.20833333,11.59670455
2018-08-25,31.07670004,69.08333333,11.72139227
2018-08-26,29.98003308,71.625,10.78997923
2018-08-27,28.20419942,75.125,7.020130029
2018-08-28,30.13003317,72.45833333,8.664989879
2018-08-29,29.80628325,77.20833333,4.233003075
2018-08-30,31.80378325,66.5,5.074960546
2018-08-31,32.39211642,62.08333333,9.482699821
2018-09-01,30.22461642,71.83333333,7.951735779
2018-09-02,28.84753288,78.20833333,8.609807658
2018-09-03,27.93003267,82.75,6.596858342
2018-09-04,28.21836625,80.75,6.563970554
2018-09-05,29.625033,73.70833333,5.196155183
2018-09-06,30.14294979,71.20833333,7.385249595
2018-09-07,30.02378346,68.375,9.31871995
2018-09-08,29.81544992,70.54166667,6.011796381
2018-09-09,29.56795004,71.04166667,12.6422407
2018-09-10,29.31294958,72.41666667,5.736558408
2018-09-11,30.67294992,65.16666667,5.354338671
2018-09-12,32.10878313,53.75,12.26826066
2018-09-13,32.36795046,47.79166667,13.14246042
2018-09-14,32.24878383,47,10.11424667
2018-09-15,32.40545038,44.70833333,10.80593561
2018-09-16,32.62586688,42.125,11.77758568
2018-09-17,33.04961679,37.41666667,9.668218088
2018-09-18,32.66378363,36.66666667,10.24097693
2018-09-19,33.06253396,34.20833333,10.24596395
2018-09-20,32.69545033,36.25,6.328886446
2018-09-21,29.69253304,59.875,14.80943488
2018-09-22,25.96419967,77.95833333,21.27609538
2018-09-23,26.76336625,79.66666667,18.54006033
2018-09-24,25.12128292,87.25,10.03578044
2018-09-25,26.34836629,79.66666667,8.670150721
2018-09-26,29.78003317,60.95833333,4.469375529
2018-09-27,31.2808665,49.91666667,6.744394158
2018-09-28,31.64503321,43.54166667,6.219988567
2018-09-29,31.933367,36.54166667,6.815414075
2018-09-30,32.01878329,36.45833333,8.133990575
2018-10-01,32.75545013,31.79166667,6.292597471
2018-10-02,32.73003375,28.91666667,5.164609579
2018-10-03,32.19836692,30.04166667,6.583833242
2018-10-04,31.36961675,33.79166667,6.866124375
2018-10-05,30.44919992,38.54166667,8.389592846
2018-10-06,30.97545038,29.95833333,5.366939379
2018-10-07,31.01169975,27.91666667,6.189336413
2018-10-08,30.40211679,30.29166667,5.874189271
2018-10-09,30.20044996,35.95833333,9.847872254
2018-10-10,29.44211663,42.70833333,12.02057475
2018-10-11,29.09045013,48.125,14.97116228
2018-10-12,28.54711663,42.66666667,6.397765825
2018-10-13,27.35919938,37.16666667,6.993282495
2018-10-14,28.19253321,27.375,8.321625133
2018-10-15,29.15336658,25.08333333,4.790213775
2018-10-16,29.08086663,28.45833333,7.219107871
2018-10-17,29.44545008,29.83333333,8.158580496
2018-10-18,28.94045004,30.45833333,9.494166367
2018-10-19,28.82378321,30,5.656337979
2018-10-20,28.09836654,28,6.109787796
2018-10-21,27.66836625,22.375,8.259600817
2018-10-22,27.09670013,20.625,8.838931617
2018-10-23,27.80461679,21.08333333,5.201407675
2018-10-24,27.86419983,23.45833333,5.736738033
2018-10-25,27.12961654,26.70833333,5.641147692
2018-10-26,27.35878342,27.83333333,5.79608184
2018-10-27,28.39294975,26,4.012226539
2018-10-28,27.64669988,26.33333333,6.456760116
2018-10-29,27.39336613,29.04166667,4.803289163
2018-10-30,27.53003325,31.20833333,5.292276971
2018-10-31,26.43503292,37.625,5.524495317
2018-11-01,26.54128308,38.70833333,4.55840937
2018-11-02,26.6533665,39.16666667,8.099016221
2018-11-03,26.83378313,37.5,12.58713773
2018-11-04,25.73586633,39.08333333,10.39969905
2018-11-05,23.652533,30.41666667,9.5759189
2018-11-06,23.22003288,30.16666667,11.67160221
2018-11-07,23.0841995,22.41666667,8.506209265
2018-11-08,24.00211608,18.875,3.246742319
2018-11-09,23.95586638,24.875,3.502060499
2018-11-10,25.06669975,27.375,3.651284471
2018-11-11,25.53794946,28.08333333,4.320018319
2018-11-12,26.49461617,25.58333333,3.473870169
2018-11-13,26.5366995,26.04166667,4.566310638
2018-11-14,25.36044958,33.5,7.274168838
2018-11-15,24.96336608,36.375,8.087152896
2018-11-16,22.84628296,30.75,14.21382404
2018-11-17,23.03253296,29,9.043593188
2018-11-18,24.41253304,30.20833333,5.105017575
2018-11-19,24.13419963,33.29166667,8.578731258
2018-11-20,24.56128296,34.29166667,7.464529046
2018-11-21,23.82919938,29.25,9.863941488
2018-11-22,24.53836608,27.16666667,3.60765462
2018-11-23,23.75336621,25.83333333,13.6320228
2018-11-24,22.55128271,23.91666667,15.44971952
2018-11-25,22.26836646,26.375,5.840073571
2018-11-26,22.54544963,30.33333333,4.511791975
2018-11-27,23.17628292,40.16666667,7.208557304
2018-11-28,24.27919958,48.29166667,4.320693804
2018-11-29,24.06836642,40,7.4259935
2018-11-30,22.88169963,30.29166667,10.54443235
2018-12-01,21.11628331,27.70833333,7.860175796
2018-12-02,21.24461619,28.95833333,3.914541154
2018-12-03,21.27586625,29.54166667,4.248677442
2018-12-04,22.14961621,28.66666667,3.820959575
2018-12-05,21.41086646,29.29166667,5.410496
2018-12-06,20.69086629,32.58333333,4.936790946
2018-12-07,19.86419954,32.33333333,8.106972233
2018-12-08,20.268783,29.95833333,4.410940392
2018-12-09,19.73211629,32.58333333,4.384589121
2018-12-10,19.323783,35.54166667,6.545848771
2018-12-11,19.29461642,36.79166667,4.895558179
2018-12-12,17.96336638,49.25,6.102913317
2018-12-13,16.73669979,53.79166667,10.25510171
2018-12-14,16.96753329,45.375,10.21183083
2018-12-15,16.78419996,37.125,9.142908246
2018-12-16,16.56003333,32.16666667,7.921288888
2018-12-17,16.18669971,29.66666667,8.042789642
2018-12-18,16.29003327,28.125,8.36380825
2018-12-19,16.92336642,23.20833333,7.887079558
2018-12-20,17.92294981,24.58333333,5.781999867
2018-12-21,16.67795004,26.45833333,9.656992329
2018-12-22,16.0696164,26.75,6.340574608
2018-12-23,15.54378343,36.375,6.274628796
2018-12-24,16.71045004,37.125,6.934496571
2018-12-25,15.61544996,32.375,10.42177539
2018-12-26,14.65711661,24.54166667,8.296572511
2018-12-27,15.43378325,27.375,6.963313988
2018-12-28,13.81586663,28.45833333,10.64446028
2018-12-29,14.62086671,23.54166667,7.808150388
2018-12-30,16.77211658,25.45833333,3.983955717
2018-12-31,17.12211671,28.91666667,8.390367288
2019-01-01,17.07794979,28.875,7.0970056
2019-01-02,18.15628304,34.83333333,5.379996463
2019-01-03,16.24503327,34.5,11.61773967
2019-01-04,15.57253305,38.16666667,6.257068362
2019-01-05,16.14794976,42.29166667,10.84732206
2019-01-06,17.09670008,46.70833333,9.043553442
2019-01-07,14.69003318,55.04166667,9.6624554
2019-01-08,15.99919983,46.33333333,9.803072263
2019-01-09,15.91544998,37.79166667,12.11660098
2019-01-10,15.62169984,36.04166667,7.747303238
2019-01-11,16.48294981,39.25,4.435820988
2019-01-12,17.1454499,40.66666667,5.389329363
2019-01-13,16.62419998,45.95833333,7.824085842
2019-01-14,14.08836676,39.33333333,16.51181108
2019-01-15,14.7267,28.54166667,12.01924932
2019-01-16,16.97461656,27,3.392294908
2019-01-17,17.37961644,32.29166667,5.805007992
2019-01-18,17.03211642,35.04166667,8.423474492
2019-01-19,19.17294977,28.25,6.732044004
2019-01-20,22.21003296,34.125,6.149290571
2019-01-21,19.93836617,46.625,20.34922246
2019-01-22,17.09669985,68.95833333,17.58657225
2019-01-23,16.46003327,61.625,8.409326917
2019-01-24,15.63711669,56.5,7.349682283
2019-01-25,14.80628321,46.08333333,9.54709535
2019-01-26,13.50295013,50.16666667,9.066721683
2019-01-27,12.9350333,41.70833333,10.69771091
2019-01-28,12.71878318,35.66666667,13.22052167
2019-01-29,13.50878328,30.66666667,12.16376321
2019-01-30,14.99669966,30.83333333,7.051047475
2019-01-31,17.43378315,37.41666667,10.230513
2019-02-01,17.78086652,47.79166667,6.236883175
2019-02-02,16.74544979,49.16666667,7.685233567
2019-02-03,16.81169958,47.16666667,7.907882442
2019-02-04,18.300033,43.08333333,5.76221847
2019-02-05,20.71753283,36.91666667,3.912078253
2019-02-06,20.32086642,50.66666667,12.48367708
2019-02-07,18.70794963,58,24.33423071
2019-02-08,13.89628322,60.41666667,9.484723113
2019-02-09,14.72419975,50.41666667,12.32943947
2019-02-10,15.97753308,39.20833333,7.439243988
2019-02-11,18.346283,36,4.938696341
2019-02-12,21.080033,37.95833333,2.836189565
2019-02-13,22.352116,42.625,3.516598465
2019-02-14,20.53836638,58.04166667,15.40614156
2019-02-15,18.99586642,67.125,6.833677704
2019-02-16,18.20003321,65.75,8.520257892
2019-02-17,18.19419992,58.20833333,10.47898045
2019-02-18,19.79461663,43.20833333,9.074956167
2019-02-19,20.10794981,45.875,6.526747804
2019-02-20,18.71128283,62.75,11.90551602
2019-02-21,22.24169979,46.58333333,14.46713112
2019-02-22,20.38044956,54.875,16.22817992
2019-02-23,17.67503335,44.5,14.69380038
2019-02-24,18.91169988,38.25,9.637982854
2019-02-25,18.7816996,40.75,6.716254538
2019-02-26,16.79128304,45.91666667,8.975370983
2019-02-27,14.39086667,70.08333333,10.06233433
2019-02-28,15.07336658,56.25,10.44988316
2019-03-01,17.8508664,38.79166667,7.105275908
2019-03-02,19.39253292,42.16666667,6.497867738
2019-03-03,19.87836633,55.91666667,7.919400563
2019-03-04,19.46336625,57.5,10.04247803
2019-03-05,19.383783,49.79166667,11.5850451
2019-03-06,19.85836633,40.79166667,10.34728943
2019-03-07,21.07211629,36.08333333,9.158929938
2019-03-08,21.20378313,33,7.488265683
2019-03-09,20.63378304,36.125,13.81131679
2019-03-10,21.07794985,34.125,8.981915446
2019-03-11,22.37836608,34.58333333,16.08080023
2019-03-12,23.19128292,32.66666667,15.4021114
2019-03-13,22.2616995,34.04166667,9.243783246
2019-03-14,22.09794958,37.83333333,9.755025633
2019-03-15,20.25461629,48.04166667,14.06060448
2019-03-16,21.83503304,34.125,9.289595846
2019-03-17,24.18628304,26,8.756422558
2019-03-18,24.35586654,27.29166667,6.354684853
2019-03-19,26.39919958,23.91666667,8.628675308
2019-03-20,25.80378325,28.83333333,11.5123225
2019-03-21,24.81628308,31.875,8.133740013
2019-03-22,24.203366,23.45833333,15.33367452
2019-03-23,24.81419971,23.29166667,16.31765188
2019-03-24,26.77044975,26.25,14.71640867
2019-03-25,25.71211633,37.04166667,10.72325833
2019-03-26,25.33586654,31.375,13.05730152
2019-03-27,27.95419975,20.41666667,10.68367928
2019-03-28,30.90461688,19.95833333,9.167503971
2019-03-29,32.31003346,19.58333333,7.602043646
2019-03-30,32.33961642,19.91666667,6.997729938
2019-03-31,29.9787835,18.16666667,11.42888624
2019-04-01,28.76836654,13.125,13.96657042
2019-04-02,29.52003329,11.75,7.865687938
2019-04-03,31.28503396,13.29166667,7.586310671
2019-04-04,33.22628363,15.83333333,7.050557613
2019-04-05,34.39920038,15.95833333,7.0729887
2019-04-06,33.82753321,18.79166667,7.043795225
2019-04-07,32.03420013,26.04166667,14.0397871
2019-04-08,31.13003342,28.04166667,11.73435288
2019-04-09,32.15545067,23.29166667,7.101809492
2019-04-10,33.89503338,17.58333333,6.914253925
2019-04-11,34.54128367,16.33333333,7.221243745
2019-04-12,34.85920054,15.625,6.956070992
2019-04-13,33.92920038,19.66666667,10.88345573
2019-04-14,34.43503396,17.75,11.30054384
2019-04-15,34.97586696,16.95833333,11.15631656
2019-04-16,29.78503333,34.95833333,17.65284603
2019-04-17,23.362533,62.79166667,15.12008699
2019-04-18,25.28044946,46.875,8.82242945
2019-04-19,28.57669979,33.125,10.73771918
2019-04-20,30.71628333,28.33333333,8.113596708
2019-04-21,32.87586696,22.875,9.482043858
2019-04-22,34.46045058,19.66666667,10.7637425
2019-04-23,35.93086721,17.16666667,11.46870289
2019-04-24,37.42211708,16.41666667,9.015046845
2019-04-25,38.11336738,12.45833333,9.411963145
2019-04-26,36.10003363,12.45833333,11.09265095
2019-04-27,35.44170017,12.29166667,18.51874079
2019-04-28,35.61795058,10.5,17.33591019
2019-04-29,36.77211692,10.58333333,10.33423458
2019-04-30,37.49961688,10,11.54361434
2019-05-01,36.62420029,11.625,10.09426933
2019-05-02,34.81503358,14.625,8.482158392
2019-05-03,34.03170042,21.25,10.49639731
2019-05-04,34.89961696,13.95833333,9.161031675
2019-05-05,34.69170071,9.666666667,15.22819684
2019-05-06,35.85253338,7.625,12.4891828
2019-05-07,36.54420083,8.416666667,13.72699489
2019-05-08,36.70128371,11.70833333,15.04169283
2019-05-09,36.74045075,13.16666667,17.10274467
2019-05-10,36.58711754,16.41666667,16.56451946
2019-05-11,35.89878363,16.125,10.5275743
2019-05-12,36.02378396,18.29166667,14.90407392
2019-05-13,35.65670071,19.125,11.92779058
2019-05-14,34.99961679,20.70833333,9.307271713
2019-05-15,35.10670033,21.75,8.505710667
2019-05-16,35.59170033,20.16666667,9.542255413
2019-05-17,34.2412835,24.20833333,14.18975098
2019-05-18,33.19711679,29,13.69134494
2019-05-19,34.72711729,25.125,13.61857412
2019-05-20,36.82795046,18.04166667,12.34701665
2019-05-21,37.32920021,17.33333333,11.8282277
2019-05-22,38.260867,16.79166667,8.461228583
2019-05-23,37.52336721,20.70833333,9.897630296
2019-05-24,35.11878371,25.79166667,11.16693677
2019-05-25,35.372117,21.95833333,18.51176629
2019-05-26,36.558367,18.83333333,11.46621997
2019-05-27,37.82045029,13.25,14.28141903
2019-05-28,38.23920075,10.16666667,12.8048847
2019-05-29,39.35878417,10.29166667,10.26759556
2019-05-30,40.69086775,9,9.880157992
2019-05-31,41.07211742,8.708333333,9.808373817
2019-06-01,41.59545083,9.208333333,8.903224817
2019-06-02,40.90586704,10.58333333,7.400844835
2019-06-03,40.41378404,15.33333333,11.97895987
2019-06-04,40.90420054,15.54166667,12.12900156
2019-06-05,41.4667005,13.41666667,5.421009983
2019-06-06,40.71628442,12.41666667,9.746212525
2019-06-07,39.72670104,12.79166667,8.520311704
2019-06-08,40.36170121,13.16666667,8.641016475
2019-06-09,42.19545075,10.125,7.533138638
2019-06-10,42.72753417,9.416666667,7.613704713
2019-06-11,42.33211725,9.75,10.72834467
2019-06-12,41.73878371,13.83333333,7.195679017
2019-06-13,41.492534,16.20833333,11.19787448
2019-06-14,40.28461754,12,14.8411104
2019-06-15,39.22545058,17.83333333,21.97112454
2019-06-16,37.02878417,30.875,23.64070446
2019-06-17,36.4837845,30.375,18.19152384
2019-06-18,35.84878413,32.54166667,13.24053133
2019-06-19,35.64128396,35.375,10.7519443
2019-06-20,35.294617,37.16666667,9.740070096
2019-06-21,39.31836721,20.54166667,6.762720146
2019-06-22,40.05045079,16.25,7.382572267
2019-06-23,36.68878446,35.79166667,18.08407598
2019-06-24,35.76670017,41.5,14.61636659
2019-06-25,37.21628425,35.25,6.896757313
2019-06-26,39.13670096,26.875,10.18665239
2019-06-27,40.41836729,16.83333333,11.95937135
2019-06-28,39.68045113,20.66666667,18.49917383
2019-06-29,40.14836746,20.625,18.71162638
2019-06-30,40.48461758,20.25,17.93661694
2019-07-01,40.65128417,21.16666667,17.9706218
2019-07-02,41.73795075,17.04166667,8.07080165
2019-07-03,39.85878388,29.875,12.74164711
2019-07-04,38.51211758,35.08333333,9.694829879
2019-07-05,38.05628413,36.20833333,8.823797054
2019-07-06,36.93670071,39.83333333,5.753874457
2019-07-07,36.23836788,43.20833333,6.850513583
2019-07-08,34.97086688,50.04166667,9.754423917
2019-07-09,34.45170046,52.66666667,14.04377338
2019-07-10,34.72920054,52.45833333,13.82950591
2019-07-11,35.55545075,49.5,13.11513261
2019-07-12,35.3129505,47.375,14.98949517
2019-07-13,35.35461713,45.04166667,16.20763126
2019-07-14,35.56878408,42,15.05007912
2019-07-15,33.73961708,50.91666667,9.721381096
2019-07-16,29.80211642,70.20833333,8.907976838
2019-07-17,31.77128342,59.79166667,8.635408254
2019-07-18,33.50503379,49.375,6.136656754
2019-07-19,33.33878313,52.5,7.65007555
2019-07-20,34.11461683,53.29166667,4.504321
2019-07-21,35.13753429,45.91666667,6.955117942
2019-07-22,33.81295025,54.375,6.714620479
2019-07-23,36.73128379,43.16666667,7.153226896
2019-07-24,35.89420083,47.95833333,11.39143218
2019-07-25,31.64794992,70.04166667,8.6433928
2019-07-26,28.70544946,81.58333333,11.96670839
2019-07-27,29.29336633,74.83333333,13.67224079
2019-07-28,30.63711692,67.58333333,12.72569675
2019-07-29,32.97711688,57.58333333,11.55230958
2019-07-30,34.48836713,49.125,12.43059629
2019-07-31,33.40628375,54.45833333,11.43570485
2019-08-01,32.82086721,56.04166667,10.0246281
2019-08-02,32.02920033,60.54166667,9.385384204
2019-08-03,31.77461675,65.45833333,7.937548621
2019-08-04,33.12795038,59.875,5.827738575
2019-08-05,33.31378367,60.25,5.616675842
2019-08-06,32.52003363,63.95833333,5.3767089
2019-08-07,31.76795004,66.33333333,8.120162913
2019-08-08,31.69086692,66.08333333,12.01276748
2019-08-09,32.26170075,59.16666667,18.3969449
2019-08-10,32.29586675,58.625,16.58943881
2019-08-11,32.73420033,58.08333333,6.287811983
2019-08-12,33.05128392,58.16666667,11.74456959
2019-08-13,33.40461729,59.79166667,8.427435174
2019-08-14,32.24211692,65.08333333,7.731929483
2019-08-15,32.30086733,61.95833333,11.9546214
2019-08-16,29.81336654,69.08333333,13.98213669
2019-08-17,27.31628267,82.41666667,15.1404225
2019-08-18,27.99628271,78.45833333,16.49179375
2019-08-19,30.37295025,67.75,6.192056379
2019-08-20,32.38295033,55.95833333,4.810395704
2019-08-21,35.02128383,40.625,10.14900962
2019-08-22,32.98836692,52.25,9.208851442
2019-08-23,32.46669979,56.95833333,6.300523217
2019-08-24,32.76128363,57.125,7.342087492
2019-08-25,31.21794979,64.04166667,10.88021104
2019-08-26,30.64128308,66.70833333,8.5994616
2019-08-27,31.48211675,63.125,7.810423117
2019-08-28,33.84795058,53.25,5.597368863
2019-08-29,33.57045063,52.91666667,8.077538258
2019-08-30,33.34420025,54.83333333,4.867529071
2019-08-31,33.25461721,55.79166667,6.3158336
2019-09-01,32.27836679,62.375,7.694638242
2019-09-02,31.92420067,65.45833333,5.367226997
2019-09-03,34.41086779,53.75,5.604314108
2019-09-04,33.13086696,62.25,5.935305667
2019-09-05,32.94961729,59.125,5.533073733
2019-09-06,33.15545021,57.20833333,10.35402046
2019-09-07,32.11378354,62.83333333,9.955423688
2019-09-08,32.529617,59.66666667,6.041736729
2019-09-09,33.24711679,55.45833333,5.893451221
2019-09-10,34.1937835,51.41666667,9.008353963
2019-09-11,34.38669992,50.75,9.860269771
2019-09-12,33.789617,53.375,11.17263612
2019-09-13,32.11211696,61.20833333,11.13195836
2019-09-14,30.31961663,67.95833333,11.24976312
2019-09-15,30.51961642,67.33333333,8.710235033
2019-09-16,31.17086683,65.20833333,8.055466792
2019-09-17,32.79670046,54.25,10.18656305
2019-09-18,31.44628346,57.75,14.82079845
2019-09-19,29.37169967,63.41666667,14.92044467
2019-09-20,29.47044975,62.625,7.206372604
2019-09-21,29.65711633,61.875,6.008105196
2019-09-22,31.02545013,54.58333333,5.531344749
2019-09-23,29.01628313,63.54166667,8.305754757
2019-09-24,29.59919988,62.625,6.226569854
2019-09-25,28.87044971,66.91666667,10.57162055
2019-09-26,27.89961613,72.29166667,12.77371927
2019-09-27,27.54878313,72.625,11.52256173
2019-09-28,27.14961613,70.83333333,11.45086947
2019-09-29,25.53128283,75.95833333,10.32694825
2019-09-30,26.16586596,74.70833333,6.541050833
2019-10-01,27.95961642,66.79166667,8.499483133
2019-10-02,28.86003346,59.79166667,6.637878192
2019-10-03,30.31295,51.375,6.149840867
2019-10-04,30.815033,43.41666667,7.880084883
2019-10-05,30.53461633,37.41666667,7.584484488
2019-10-06,31.06170013,33.25,6.642617163
2019-10-07,30.37044983,35.95833333,9.518647713
2019-10-08,29.98253342,35.66666667,6.5057272
2019-10-09,29.71503354,36.08333333,5.185357563
2019-10-10,28.931283,39.79166667,6.121374529
2019-10-11,29.10211667,38.79166667,4.544071253
2019-10-12,30.08545,34.33333333,5.908034238
2019-10-13,30.49253329,33.25,5.546533192
2019-10-14,30.149617,31.875,6.172976317
2019-10-15,29.0158665,38.79166667,6.743385417
2019-10-16,29.22003313,39.58333333,6.066063899
2019-10-17,28.98628304,40.375,6.193513706
2019-10-18,28.92836667,40.08333333,6.415442069
2019-10-19,29.20461663,37.54166667,6.905181371
2019-10-20,29.29836675,27.5,9.004332546
2019-10-21,28.59128321,23.70833333,9.494471929
2019-10-22,28.07711654,23,10.92848887
2019-10-23,28.74753313,20.375,9.415654813
2019-10-24,27.24586654,32.54166667,6.869584433
2019-10-25,26.82919979,36.25,6.71714427
2019-10-26,26.81586654,38.58333333,5.019519633
2019-10-27,28.01503325,33.75,6.607830717
2019-10-28,28.52544996,28.29166667,6.039272789
2019-10-29,29.62378329,27.45833333,5.631975867
2019-10-30,30.03753346,26.95833333,6.37697056
2019-10-31,29.29794988,25.125,7.454188058
2019-11-01,29.6225335,25.08333333,5.057785171
2019-11-02,30.05711675,26.75,3.9203558
2019-11-03,28.37211683,31.58333333,6.725102041
2019-11-04,26.86753292,35.95833333,11.87202386
2019-11-05,26.49003296,31.54166667,12.02337666
2019-11-06,26.7216995,29.125,6.797783663
2019-11-07,25.44461625,36.54166667,8.238166563
2019-11-08,26.08461604,41.29166667,7.363114583
2019-11-09,25.19544975,34.70833333,12.87475852
2019-11-10,24.68753283,29.625,11.79287363
2019-11-11,24.75086629,25.75,6.670465321
2019-11-12,24.327533,23,7.553288871
2019-11-13,26.16753313,21.95833333,6.154506225
2019-11-14,26.67961621,27.08333333,5.033240215
2019-11-15,25.81628313,32.54166667,9.29223125
2019-11-16,25.02044954,36.79166667,13.97624708
2019-11-17,24.35461617,35.83333333,19.20025963
2019-11-18,23.37669938,33.875,14.0661265
2019-11-19,23.07003292,32.95833333,7.603352296
2019-11-20,23.41919954,30.04166667,3.427329278
2019-11-21,23.350866,29.625,4.602602992
2019-11-22,24.07961625,29.29166667,7.486665695
2019-11-23,24.07253296,33.54166667,14.08756803
2019-11-24,23.981283,38.70833333,11.87429148
2019-11-25,24.20169963,38.41666667,6.214846437
2019-11-26,22.181283,41.08333333,11.3031093
2019-11-27,23.89919958,40.70833333,4.724715774
2019-11-28,24.11378267,47.54166667,10.5812603
2019-11-29,22.67836625,48.04166667,6.662430863
2019-11-30,20.970033,46.58333333,10.1623063
2019-12-01,19.61086633,38.04166667,8.9884877
2019-12-02,19.03503308,33.79166667,9.771039033
2019-12-03,19.245033,28.58333333,9.814276121
2019-12-04,19.43128304,23,5.277177346
2019-12-05,20.11753304,24.16666667,3.972363029
2019-12-06,19.45586638,36.54166667,5.234648863
2019-12-07,20.00711654,41.70833333,4.696426042
2019-12-08,20.24961638,40.58333333,4.670671525
2019-12-09,19.99628313,37.625,5.300818775
2019-12-10,20.030033,32.625,6.919212725
2019-12-11,20.77419956,30.75,2.845009694
2019-12-12,20.65878308,33.75,14.00451014
2019-12-13,17.10044967,72.20833333,12.17470286
2019-12-14,15.5191999,74.58333333,8.295553638
2019-12-15,17.42586675,51.25,9.10869965
2019-12-16,16.16044994,51.33333333,10.3966891
2019-12-17,15.94586648,43.41666667,11.65510179
2019-12-18,16.10003338,38,10.6920954
2019-12-19,17.59294975,30.875,7.069698567
2019-12-20,19.21211625,23.125,4.622418621
2019-12-21,19.02544971,33.04166667,6.672744908
2019-12-22,16.9191999,43.45833333,10.55464423
2019-12-23,16.32419981,36.125,8.346871771
2019-12-24,16.4271166,30.25,3.530259341
2019-12-25,14.91753334,33.54166667,9.881721979
2019-12-26,14.14294989,30,11.05747537
2019-12-27,13.57544989,29.875,8.357834467
2019-12-28,13.83836651,30.08333333,6.491112846
2019-12-29,13.80461666,32.5,4.531002375
2019-12-30,13.43503331,32.58333333,5.704173856
2019-12-31,12.35628337,34.75,8.242770446
2020-01-01,13.97669998,31.70833333,9.809475042
2020-01-02,16.55919963,40.875,8.700274542
2020-01-03,18.4146166,49.54166667,6.116930413
2020-01-04,16.65503313,58.45833333,5.808943429
2020-01-05,17.19086656,40.16666667,5.89336585
2020-01-06,15.75336673,53.125,9.499618863
2020-01-07,17.15669998,60.66666667,11.84157749
2020-01-08,14.3016999,82.95833333,13.13424218
2020-01-09,12.32378331,62.75,8.486250588
2020-01-10,12.8829501,40.58333333,11.84723615
2020-01-11,13.67544988,34.79166667,9.519828154
2020-01-12,18.7641999,24.54166667,9.107483721
2020-01-13,17.54794996,44.625,11.51939286
2020-01-14,14.53128315,73.5,11.98529603
2020-01-15,16.8116999,57.29166667,7.785544442
2020-01-16,13.71836698,77.25,9.992116754
2020-01-17,15.51544998,73.91666667,4.899385588
2020-01-18,14.75628325,71,5.169652875
2020-01-19,15.19586658,55.08333333,7.995938758
2020-01-20,15.27336649,45.29166667,6.791543871
2020-01-21,18.11628298,40.20833333,5.074852925
2020-01-22,16.16253342,48.45833333,11.20604796
2020-01-23,14.08211673,42.375,17.13901731
2020-01-24,14.25711658,32.33333333,14.84824279
2020-01-25,15.37169983,31.75,8.425516458
2020-01-26,18.39294979,36.125,8.0754392
2020-01-27,17.6621166,49.41666667,6.432733517
2020-01-28,18.58378346,52.25,13.19472187
2020-01-29,16.87503338,54.45833333,7.492398774
2020-01-30,15.04586663,52.75,13.26896072
2020-01-31,14.68253317,45.29166667,10.23404114
2020-02-01,15.12586677,44,8.569781908
2020-02-02,15.23086659,44.16666667,9.487412225
2020-02-03,15.55294974,37.95833333,8.404910117
2020-02-04,16.85836658,37.66666667,5.290029454
2020-02-05,16.44420015,40.625,10.64550374
2020-02-06,14.95336667,40.66666667,8.163344358
2020-02-07,15.73878331,39.625,5.955364361
2020-02-08,15.71836657,41.70833333,10.52758709
2020-02-09,16.63336638,38.33333333,6.020169867
2020-02-10,16.96878321,33.25,9.002266833
2020-02-11,17.97503325,32.41666667,7.324189142
2020-02-12,19.70211642,31.66666667,13.92840442
2020-02-13,22.10836633,34.125,18.77338998
2020-02-14,20.26003279,33.58333333,21.04067742
2020-02-15,19.21711673,23.83333333,16.19560617
2020-02-16,19.92711671,18.83333333,11.2093527
2020-02-17,20.04878308,17.70833333,12.61853947
2020-02-18,20.12211633,18.16666667,13.39222502
2020-02-19,21.31919988,19.16666667,11.96007128
2020-02-20,23.07836629,31.875,21.56401471
2020-02-21,20.88253317,49.16666667,21.91272308
2020-02-22,20.12794979,53.29166667,7.543423429
2020-02-23,22.26794952,43.58333333,6.303141992
2020-02-24,22.18628304,38.91666667,6.714790892
2020-02-25,22.00294981,36,8.734782483
2020-02-26,22.06544963,40.75,8.808089158
2020-02-27,23.06753313,34.08333333,6.37743525
2020-02-28,23.81003275,38.33333333,12.02231973
2020-02-29,24.23628321,47,14.53754346
2020-03-01,22.03919971,54.41666667,8.486670325
2020-03-02,23.78836621,37.70833333,6.199287504
2020-03-03,24.31544938,35.08333333,6.748336083
2020-03-04,24.05878292,36.04166667,7.375075821
2020-03-05,22.70753275,49.625,14.44027706
2020-03-06,19.63628317,67.70833333,18.09617988
2020-03-07,19.64253325,62.20833333,8.044232096
2020-03-08,20.41044958,48.91666667,7.537210633
2020-03-09,20.84794967,34.375,14.1548446
2020-03-10,21.70628306,28.41666667,6.985576417
2020-03-11,21.62086625,46.83333333,18.74898683
2020-03-12,22.43794963,47.45833333,9.357881037
2020-03-13,22.91128296,33.16666667,9.985156333
2020-03-14,20.3104495,56.04166667,14.28475775
2020-03-15,19.9196164,55.41666667,11.81645873
2020-03-16,22.48878306,37.66666667,9.972130754
2020-03-17,23.9554495,36.25,11.14328567
2020-03-18,25.07544954,30.25,12.92984572
2020-03-19,25.13294988,32.04166667,9.624708904
2020-03-20,26.03336658,30.54166667,8.412873429
2020-03-21,27.40544988,29.29166667,7.694406938
2020-03-22,26.43628283,30.625,11.65776399
2020-03-23,27.33253342,27.66666667,7.381962496
2020-03-24,29.21461646,27.95833333,9.990175386
2020-03-25,28.57045008,30.20833333,9.608838604
2020-03-26,28.36169992,27.54166667,13.6256688
2020-03-27,23.71461608,54.16666667,10.20551678
2020-03-28,24.42544967,48.45833333,11.79042489
2020-03-29,25.59128292,30.66666667,16.45533004
2020-03-30,26.27294971,25.25,13.68079375
2020-03-31,26.86336638,25.54166667,11.67479285
2020-04-01,27.56295013,27.91666667,11.83880928
2020-04-02,26.87628317,22.625,17.92101573
2020-04-03,26.20669992,18.45833333,13.68325892
2020-04-04,27.35794988,18.04166667,14.16188508
2020-04-05,29.36711692,18.83333333,11.89905193
2020-04-06,30.29003325,19.29166667,10.02536966
2020-04-07,29.86295021,18.70833333,12.65206714
2020-04-08,28.59961671,21.16666667,13.90352563
2020-04-09,28.8450335,21.08333333,11.09238001
2020-04-10,31.80086683,16.66666667,10.7025949
2020-04-11,31.830867,19.75,9.964685767
2020-04-12,32.72545038,19.79166667,15.01830181
2020-04-13,34.19711717,19.58333333,13.06828904
2020-04-14,34.85961733,18.33333333,5.664576221
2020-04-15,35.89295042,11.375,8.791737146
2020-04-16,33.36878383,12.375,11.9052842
2020-04-17,33.75253321,15.08333333,11.40948674
2020-04-18,32.44836671,21.66666667,8.841636375
2020-04-19,31.59836688,20.33333333,11.40276002
2020-04-20,29.848783,23.375,11.27890802
2020-04-21,28.40669992,35.45833333,11.77999255
2020-04-22,31.18253371,21.58333333,9.279487829
2020-04-23,31.83420029,21,10.65030785
2020-04-24,33.14878346,19.25,6.539484324
2020-04-25,32.89920029,23.79166667,6.447405771
2020-04-26,32.31878333,27.875,7.246925145
2020-04-27,29.89503329,35.875,19.32554988
2020-04-28,30.68378342,33.83333333,9.751665392
2020-04-29,33.32961708,27.29166667,10.94351829
2020-04-30,34.9792005,22.04166667,8.902163521
2020-05-01,36.08586721,18.75,11.00656026
2020-05-02,35.20253408,23.66666667,11.73380509
2020-05-03,35.44211688,23.41666667,13.07401209
2020-05-04,34.67211696,24.70833333,8.201813163
2020-05-05,33.32961692,24.5,7.440677083
2020-05-06,32.85878354,23.83333333,9.875191858
2020-05-07,32.92003375,22.08333333,12.53038787
2020-05-08,34.81711675,18.25,11.60426065
2020-05-09,36.66878367,15.875,9.868769875
2020-05-10,36.42961704,17.75,11.56510731
2020-05-11,36.46878383,17.95833333,10.72029203
2020-05-12,35.72878329,20.625,7.6689594
2020-05-13,35.56336725,22.83333333,10.43551706
2020-05-14,36.34003383,22.20833333,9.271043033
2020-05-15,36.20045067,20.70833333,16.54649177
2020-05-16,35.45753379,18,15.41102694
2020-05-17,36.77628404,15.29166667,11.88959095
2020-05-18,36.182534,10.25,12.42520679
2020-05-19,35.67003346,7.958333333,8.843609471
2020-05-20,34.85503358,10.875,13.71492873
2020-05-21,36.47545025,10.375,18.53403375
2020-05-22,38.84086692,9.208333333,8.8563605
2020-05-23,40.02420071,10.66666667,13.94949098
2020-05-24,39.867951,10.79166667,12.57695353
2020-05-25,39.57961721,10.70833333,16.3341858
2020-05-26,40.37586788,9.25,15.45693161
2020-05-27,40.15211725,9.041666667,13.24182273
2020-05-28,38.504617,13.70833333,9.694464371
2020-05-29,36.33503396,27,20.53973032
2020-05-30,33.52586708,32.16666667,11.45779641
2020-05-31,32.94878379,34.95833333,7.150179513
2020-06-01,33.23920046,33.125,10.77407414
2020-06-02,35.00128363,25.45833333,10.83957551
2020-06-03,35.75961725,24.41666667,11.39190308
2020-06-04,35.75170092,23.375,10.66388673
2020-06-05,32.1092005,39,13.96748668
2020-06-06,32.51586713,41.41666667,8.555144825
2020-06-07,36.03961713,27.70833333,8.793763775
2020-06-08,37.86711767,23.125,12.12639852
2020-06-09,39.13295058,21.08333333,13.85640543
2020-06-10,39.84045108,19.04166667,12.36577685
2020-06-11,40.70920096,17.08333333,10.06411758
2020-06-12,41.37086813,15.29166667,6.775288871
2020-06-13,40.8008675,18.25,9.107444
2020-06-14,40.43670108,20.83333333,7.008934917
2020-06-15,40.41003429,19.875,11.91952178
2020-06-16,39.83170042,21.125,11.84892793
2020-06-17,38.52253442,29.29166667,15.05538644
2020-06-18,38.54670038,30.91666667,14.72580258
2020-06-19,39.14836733,28.625,16.78870773
2020-06-20,37.58086725,35.04166667,14.95613587
2020-06-21,38.38836721,32.25,14.41231359
2020-06-22,38.46545071,29.83333333,17.969611
2020-06-23,34.60961704,47.75,17.55435946
2020-06-24,36.86128425,40.375,10.78637228
2020-06-25,37.91003425,36.04166667,8.433477392
2020-06-26,38.64086708,32.83333333,15.52067364
2020-06-27,39.36920079,29.66666667,18.27308184
2020-06-28,40.24586738,27.25,14.75885433
2020-06-29,38.80961729,34.375,10.21130791
2020-06-30,38.70836708,33.5,10.59440305
